IP_bait_gene	IP_prey_gene	IP_bait_gene_uniprotID	IP_prey_gene_uniprotID
CSTF2	ACIN1	P33240	"E7EQT4;Q9UKV3;S4R3H4,G3V3T3,G3V3B0"
CSTF2	ARGLU1	P33240	Q9NWB6
CSTF2	BUD31	P33240	P41223
CSTF2	CDKAL1	P33240	Q5VV42
CSTF2	CPSF1	P33240	Q10570
CSTF2	CPSF2	P33240	Q9P2I0
CSTF2	CPSF3	P33240	Q9UKF6
CSTF2	CPSF4	P33240	O95639
CSTF2	CSTF1	P33240	Q05048
CSTF2	CSTF2T	P33240	Q9H0L4
CSTF2	CSTF3	P33240	Q12996
CSTF2	CWC15	P33240	Q9P013
CSTF2	EIF4A3	P33240	P38919
CSTF2	FIP1L1	P33240	Q6UN15
CSTF2	FNBP4	P33240	Q8N3X1
CSTF2	FUS	P33240	P35637
CSTF2	LUC7L	P33240	Q9NQ29
CSTF2	LUC7L2	P33240	Q9Y383
CSTF2	MAGOH;MAGOHB	P33240	P61326;Q96A72
CSTF2	MFAP1	P33240	P55081
CSTF2	NKAP	P33240	Q8N5F7
CSTF2	NONO	P33240	Q15233
CSTF2	PAXBP1	P33240	Q9Y5B6
CSTF2	PLRG1	P33240	O43660
CSTF2	PNN	P33240	Q9H307
CSTF2	PPIG	P33240	Q13427
CSTF2	PRPF19	P33240	Q9UMS4
CSTF2	PRPF40A	P33240	O75400
CSTF2	PRPF4B	P33240	Q13523
CSTF2	PRPF8	P33240	Q6P2Q9
CSTF2	RBM39	P33240	Q14498
CSTF2	RBM8A	P33240	Q9Y5S9
CSTF2	RNPS1	P33240	H3BMM9;H3BTC0;H3BV80;Q15287
CSTF2	SAP18	P33240	O00422;X6RAL5
CSTF2	SF3B2	P33240	"Q13435,H0YCG1"
CSTF2	SF3B6	P33240	Q9Y3B4
CSTF2	SFPQ	P33240	P23246
CSTF2	SNRNP200	P33240	O75643
CSTF2	SNRNP70	P33240	P08621
CSTF2	SNRPA	P33240	P09012
CSTF2	SNRPB	P33240	P14678
CSTF2	SNRPD2	P33240	"P62316,K7EJB5"
CSTF2	SNRPD3	P33240	P62318
CSTF2	SNRPE	P33240	P62304
CSTF2	SNRPF	P33240	P62306
CSTF2	SNRPG	P33240	P62308
CSTF2	SRSF10	P33240	O75494;Q5JRI1
CSTF2	SRSF7	P33240	Q16629
CSTF2	SRSF9	P33240	Q13242
CSTF2	SYMPK	P33240	Q92797
CSTF2	TFIP11	P33240	Q9UBB9
CSTF2	TRA2A	P33240	Q13595
CSTF2	TRA2B	P33240	P62995
CSTF2	WDR33	P33240	Q9C0J8
DLD	C14orf166	P09622	Q9Y224
DLD	CCDC137	P09622	Q6PK04
DLD	DDX1	P09622	Q92499
DLD	DDX41	P09622	J3KNN5;Q9UJV9
DLD	DDX42	P09622	Q86XP3
DLD	DDX50	P09622	Q9BQ39
DLD	DDX54	P09622	Q8TDD1
DLD	DHX30	P09622	Q7L2E3
DLD	DLAT	P09622	P10515
DLD	DLST	P09622	P36957
DLD	EBNA1BP2	P09622	H7C2Q8;Q99848
DLD	FTSJ3	P09622	Q8IY81
DLD	GTPBP4	P09622	Q9BZE4
DLD	HP1BP3	P09622	Q5SSJ5
DLD	KPNA3	P09622	O00505
DLD	KRI1	P09622	Q8N9T8
DLD	KRR1	P09622	Q13601
DLD	MRPS16	P09622	Q9Y3D3
DLD	MRPS31	P09622	Q92665
DLD	MRPS36	P09622	P82909
DLD	NOC3L	P09622	Q8WTT2
DLD	NOLC1	P09622	"A0A0A0MRM9,S4R341"
DLD	NUP153	P09622	P49790
DLD	NUP50	P09622	Q9UKX7
DLD	OGDH	P09622	Q02218
DLD	PDHA1	P09622	P08559
DLD	PDHB	P09622	P11177
DLD	PDHX	P09622	O00330
DLD	PDK3	P09622	Q15120
DLD	PPAN-P2RY11;PPAN	P09622	A0A0A6YYI3;Q9NQ55
DLD	PRSS1	P09622	E7EQ64;P07477
DLD	PTCD3	P09622	Q96EY7
DLD	RBM34	P09622	P42696
DLD	RIOX2	P09622	Q8IUF8
DLD	RPL12	P09622	P30050
DLD	RPL18A	P09622	Q02543
DLD	RPL22	P09622	P35268
DLD	RPL24	P09622	P83731
DLD	RPL27	P09622	P61353
DLD	RPL30	P09622	P62888
DLD	RPL31	P09622	P62899
DLD	RPL32	P09622	F8W727;P62910
DLD	RPL35	P09622	P42766
DLD	RPL39;RPL39P5	P09622	P62891;Q59GN2
DLD	RPL5	P09622	P46777
DLD	RPL8	P09622	P62917
DLD	RPL9	P09622	P32969
DLD	RPLP2	P09622	P05387
DLD	RPS11	P09622	P62280
DLD	RPS13	P09622	P62277
DLD	RPS14	P09622	P62263
DLD	RPS15	P09622	"K7ELC2;P62841,A0A0B4J2B4"
DLD	RPS15A	P09622	P62244
DLD	RPS17	P09622	P08708
DLD	RPS18	P09622	P62269
DLD	RPS2	P09622	P15880
DLD	RPS23	P09622	P62266
DLD	RPS24	P09622	A0A087WUS0;E7ETK0;P62847
DLD	RPS25	P09622	P62851
DLD	RPS26	P09622	P62854
DLD	RPS29	P09622	P62273
DLD	RPS4X	P09622	P62701
DLD	RPS6	P09622	"A2A3R5,P62753"
DLD	RRP15	P09622	Q9Y3B9
DLD	RRP1B	P09622	Q14684
DLD	ZNF512	P09622	G3XAG1;Q96ME7
DLST	;BCKDHA	P36957	F5H5P2;P12694
DLST	BCKDK	P36957	O14874
DLST	C14orf166	P36957	Q9Y224
DLST	CCAR1	P36957	Q8IX12
DLST	CENPV	P36957	"Q7Z7K6,A0A0M3HER2"
DLST	DBT	P36957	P11182
DLST	DLAT	P36957	P10515
DLST	DLD	P36957	P09622
DLST	EMD	P36957	P50402
DLST	FAM98A	P36957	Q8NCA5
DLST	FAU	P36957	P62861
DLST	LYAR	P36957	Q9NX58
DLST	MCCC2	P36957	Q9HCC0
DLST	MRPS36	P36957	P82909
DLST	NOL6	P36957	Q9H6R4
DLST	NOP2	P36957	P46087
DLST	NPM1	P36957	"P06748,E5RI98,E5RGW4"
DLST	OGDH	P36957	Q02218
DLST	PDHA1	P36957	P08559
DLST	PDHB	P36957	P11177
DLST	PDHX	P36957	O00330
DLST	PPAN-P2RY11;PPAN	P36957	A0A0A6YYI3;Q9NQ55
DLST	RCL1	P36957	Q9Y2P8
DLST	RECQL5	P36957	O94762
DLST	RPL11	P36957	P62913
DLST	RPL13	P36957	P26373
DLST	RPL14	P36957	P50914
DLST	RPL15	P36957	P61313
DLST	RPL18	P36957	J3QQ67;Q07020
DLST	RPL18A	P36957	Q02543
DLST	RPL26L1	P36957	Q9UNX3
DLST	RPL28	P36957	P46779
DLST	RPL3	P36957	P39023
DLST	RPL30	P36957	P62888
DLST	RPL31	P36957	P62899
DLST	RPL32	P36957	F8W727;P62910
DLST	RPL35	P36957	P42766
DLST	RPL36	P36957	Q9Y3U8
DLST	RPL36A;RPL36A-HNRNPH2	P36957	H0Y5B4;H7BZ11
DLST	RPL36AL	P36957	Q969Q0
DLST	RPL37A	P36957	P61513
DLST	RPL5	P36957	P46777
DLST	RPL7A	P36957	P62424
DLST	RPL8	P36957	P62917
DLST	RPLP1	P36957	P05386
DLST	RPS11	P36957	P62280
DLST	RPS13	P36957	P62277
DLST	RPS15	P36957	"K7ELC2;P62841,A0A0B4J2B4"
DLST	RPS16	P36957	P62249
DLST	RPS17	P36957	P08708
DLST	RPS18	P36957	P62269
DLST	RPS19	P36957	P39019
DLST	RPS2	P36957	P15880
DLST	RPS23	P36957	P62266
DLST	RPS25	P36957	P62851
DLST	RPS26	P36957	P62854
DLST	RPS28	P36957	P62857
DLST	RPS3A	P36957	P61247
DLST	RPS6	P36957	"A2A3R5,P62753"
DLST	RPS8	P36957	P62241
DLST	RRP1B	P36957	Q14684
DLST	RTCB	P36957	Q9Y3I0
EIF3A	DPYSL5	Q14152	Q9BPU6
EIF3A	EIF3B	Q14152	P55884
EIF3A	EIF3C	Q14152	Q99613
EIF3A	EIF3D	Q14152	O15371
EIF3A	EIF3E	Q14152	P60228
EIF3A	EIF3F	Q14152	O00303
EIF3A	EIF3G	Q14152	O75821
EIF3A	EIF3I	Q14152	Q13347
EIF3A	EIF3J	Q14152	O75822
EIF3A	EIF3K	Q14152	Q9UBQ5
EIF3A	EIF3L	Q14152	B0QY89;Q9Y262
EIF3A	EIF3M	Q14152	Q7L2H7
EIF3A	EIF3S3;EIF3H	Q14152	B3KS98;O15372
EIF3A	EIF4E	Q14152	D6RBW1;P06730
EIF3A	EIF4G1	Q14152	"E7EUU4,Q04637,E9PGM1"
EIF3A	LTV1	Q14152	Q96GA3
EIF3A	NCOA5	Q14152	Q9HCD5
EIF3A	POLDIP3	Q14152	"Q9BY77,Q8WUT1"
EIF3A	PRRC2B	Q14152	Q5JSZ5
EIF3A	RBM12B	Q14152	Q8IXT5
EIF3A	RBM15	Q14152	A0A087WWP4;Q96T37
EIF3A	RBM15B	Q14152	Q8NDT2
EIF3A	RBMX	Q14152	P38159
EIF3A	SAFB	Q14152	Q15424
EIF3A	SAFB2	Q14152	Q14151
EIF3A	SRSF10	Q14152	O75494;Q5JRI1
EIF3A	SRSF9	Q14152	Q13242
EIF3A	TRA2B	Q14152	P62995
EIF3A	WTAP	Q14152	Q15007
EIF3A	ZNF638	Q14152	Q14966
EXOSC10	ACTB;ACTG1	Q01780	P60709;P63261
EXOSC10	ACTC1	Q01780	P68032
EXOSC10	AURKAIP1	Q01780	Q9NWT8
EXOSC10	C1D	Q01780	J3KPZ4;Q13901
EXOSC10	CALM2;CALM1;CALM2;CALM1;CALM2;CALM3	Q01780	E7EMB3;E7ETZ0;H0Y7A7;P0DP23;P0DP24;P0DP25
EXOSC10	DDX50	Q01780	Q9BQ39
EXOSC10	DHX9	Q01780	Q08211
EXOSC10	EXOSC1	Q01780	Q9Y3B2
EXOSC10	EXOSC2	Q01780	Q13868
EXOSC10	EXOSC3	Q01780	Q9NQT5
EXOSC10	EXOSC4	Q01780	Q9NPD3
EXOSC10	EXOSC5	Q01780	Q9NQT4
EXOSC10	EXOSC6	Q01780	Q5RKV6
EXOSC10	EXOSC7	Q01780	Q15024
EXOSC10	EXOSC8	Q01780	Q96B26
EXOSC10	EXOSC9	Q01780	Q06265
EXOSC10	FGF7	Q01780	H0YNE7
EXOSC10	GNAI1	Q01780	P63096
EXOSC10	GNB2	Q01780	"P62879,C9JIS1"
EXOSC10	MPHOSPH6	Q01780	H3BNT4;Q99547
EXOSC10	MPRIP	Q01780	"Q6WCQ1,H0Y2S9"
EXOSC10	MYH10	Q01780	P35580
EXOSC10	MYH14	Q01780	Q7Z406
EXOSC10	MYL12B	Q01780	O14950
EXOSC10	MYL6	Q01780	"J3KND3;P60660,G8JLA2"
EXOSC10	MYO1B	Q01780	"E9PDF6;O43795,C9K0I9"
EXOSC10	MYO1C	Q01780	F5H6E2;O00159
EXOSC10	RAI14	Q01780	Q9P0K7
EXOSC10	RPL10	Q01780	"P27635,F8W7C6"
EXOSC10	RPL12	Q01780	P30050
EXOSC10	RPL13A	Q01780	P40429
EXOSC10	RPL14	Q01780	P50914
EXOSC10	RPL15	Q01780	P61313
EXOSC10	RPL18	Q01780	J3QQ67;Q07020
EXOSC10	RPL18A	Q01780	Q02543
EXOSC10	RPL26L1	Q01780	Q9UNX3
EXOSC10	RPL27	Q01780	P61353
EXOSC10	RPL27A	Q01780	P46776
EXOSC10	RPL3	Q01780	P39023
EXOSC10	RPL30	Q01780	P62888
EXOSC10	RPL31	Q01780	P62899
EXOSC10	RPL32	Q01780	F8W727;P62910
EXOSC10	RPL34	Q01780	P49207
EXOSC10	RPL35A	Q01780	P18077
EXOSC10	RPL36	Q01780	Q9Y3U8
EXOSC10	RPL4	Q01780	P36578
EXOSC10	RPL5	Q01780	P46777
EXOSC10	RPL6	Q01780	Q02878
EXOSC10	RPL7	Q01780	P18124
EXOSC10	RPL7A	Q01780	P62424
EXOSC10	RPL8	Q01780	P62917
EXOSC10	RPLP0	Q01780	"P05388,F8VZS0"
EXOSC10	RPLP2	Q01780	P05387
EXOSC10	RPS13	Q01780	P62277
EXOSC10	RPS15A	Q01780	P62244
EXOSC10	RPS2	Q01780	P15880
EXOSC10	RPS24	Q01780	A0A087WUS0;E7ETK0;P62847
EXOSC10	RPS26	Q01780	P62854
EXOSC10	RPS3A	Q01780	P61247
EXOSC10	RPS4X	Q01780	P62701
EXOSC10	RPS8	Q01780	P62241
EXOSC10	RPS9	Q01780	A0A024R4M0;P46781
EXOSC10	SKIV2L2	Q01780	P42285
EXOSC10	TPM3	Q01780	"A0A087WWU8,P06753"
EXOSC10	UACA	Q01780	H0YNH8;Q9BZF9
EXOSC2	AMPD2	Q13868	Q01433
EXOSC2	C1D	Q13868	J3KPZ4;Q13901
EXOSC2	CHMP2B	Q13868	C9J0A7;Q9UQN3
EXOSC2	DBT	Q13868	P11182
EXOSC2	EXOSC1	Q13868	Q9Y3B2
EXOSC2	EXOSC10	Q13868	Q01780
EXOSC2	EXOSC3	Q13868	Q9NQT5
EXOSC2	EXOSC4	Q13868	Q9NPD3
EXOSC2	EXOSC5	Q13868	Q9NQT4
EXOSC2	EXOSC6	Q13868	Q5RKV6
EXOSC2	EXOSC7	Q13868	Q15024
EXOSC2	EXOSC8	Q13868	Q96B26
EXOSC2	EXOSC9	Q13868	Q06265
EXOSC2	MPHOSPH6	Q13868	H3BNT4;Q99547
EXOSC2	MRPS18B	Q13868	Q9Y676
EXOSC2	MRPS21	Q13868	P82921
EXOSC2	MRPS31	Q13868	Q92665
EXOSC2	MRPS34	Q13868	C9JJ19;P82930
EXOSC2	RPL13A	Q13868	P40429
EXOSC2	RPL14	Q13868	P50914
EXOSC2	RPL18A	Q13868	Q02543
EXOSC2	RPL24	Q13868	P83731
EXOSC2	RPL3	Q13868	P39023
EXOSC2	RPL30	Q13868	P62888
EXOSC2	RPL32	Q13868	F8W727;P62910
EXOSC2	RPL34	Q13868	P49207
EXOSC2	RPL35A	Q13868	P18077
EXOSC2	RPL36AL	Q13868	Q969Q0
EXOSC2	RPL4	Q13868	P36578
EXOSC2	RPL6	Q13868	Q02878
EXOSC2	RPL7	Q13868	P18124
EXOSC2	RPS24	Q13868	A0A087WUS0;E7ETK0;P62847
EXOSC2	RPS26	Q13868	P62854
EXOSC2	RPS9	Q13868	A0A024R4M0;P46781
EXOSC2	SENP3	Q13868	Q9H4L4
EXOSC2	SHMT1	Q13868	P34896
EXOSC2	SKIV2L2	Q13868	P42285
EXOSC2	WDR18	Q13868	Q9BV38;U3KQC1
FUS	ADAR	P35637	"P55265,H0YCK3"
FUS	ATXN2L	P35637	Q8WWM7
FUS	C14orf166	P35637	Q9Y224
FUS	CAPRIN1	P35637	Q14444
FUS	CHERP	P35637	J3QK89;Q8IWX8
FUS	CHTOP	P35637	Q9Y3Y2;X6R700
FUS	DCD	P35637	P81605
FUS	DDX1	P35637	Q92499
FUS	DDX17	P35637	A0A1W2PQ51;A0A1X7SBZ2;Q92841
FUS	DDX5	P35637	J3KTA4;P17844
FUS	DHX15	P35637	O43143
FUS	DHX30	P35637	Q7L2E3
FUS	ELAVL1	P35637	Q15717
FUS	EWSR1	P35637	"Q01844,H7BY36"
FUS	FAM120A	P35637	Q9NZB2
FUS	FAM98A	P35637	Q8NCA5
FUS	G3BP2	P35637	Q9UN86
FUS	HNRNPA0	P35637	Q13151
FUS	HNRNPA2B1	P35637	P22626
FUS	HNRNPA3	P35637	P51991
FUS	HNRNPAB	P35637	D6R9P3;D6RBZ0;D6RD18
FUS	HNRNPH3	P35637	P31942
FUS	HNRNPL	P35637	P14866
FUS	HNRNPM	P35637	"P52272,M0QZM1"
FUS	HNRNPR	P35637	O43390
FUS	HNRNPUL1	P35637	Q9BUJ2
FUS	IGF2BP1	P35637	Q9NZI8
FUS	IGF2BP2	P35637	F8W930;Q9Y6M1
FUS	IGF2BP3	P35637	O00425
FUS	ILF2	P35637	Q12905
FUS	ILF3	P35637	Q12906
FUS	LARP1	P35637	Q6PKG0
FUS	LARP4B	P35637	Q92615
FUS	LSM12	P35637	K7ELG9;Q3MHD2
FUS	MATR3	P35637	A8MXP9
FUS	MOV10	P35637	Q9HCE1
FUS	PABPC1	P35637	"P11940,E5RJM8"
FUS	PABPC4	P35637	"B1ANR0;Q13310,H0Y5F5"
FUS	RBM10	P35637	A0A0A0MR66;P98175
FUS	RBM12B	P35637	Q8IXT5
FUS	RBM14	P35637	Q96PK6
FUS	RBM17	P35637	Q96I25
FUS	RBM6	P35637	P78332
FUS	RBMX	P35637	P38159
FUS	RPS12	P35637	P25398
FUS	RPS18	P35637	P62269
FUS	RTCB	P35637	Q9Y3I0
FUS	SAFB	P35637	Q15424
FUS	SNRNP70	P35637	P08621
FUS	SNRPA	P35637	P09012
FUS	SNRPD1	P35637	P62314
FUS	SNRPD2	P35637	"P62316,K7EJB5"
FUS	SNRPD3	P35637	P62318
FUS	TAF15	P35637	Q92804
FUS	TIMM9	P35637	Q9Y5J7
FUS	TRIM21	P35637	P19474
FUS	U2AF2	P35637	P26368
FUS	YLPM1	P35637	"F8VU51,P49750"
FUS	ZCCHC3	P35637	Q9NUD5
FUS	ZNF326	P35637	Q5BKZ1
FUS	ZRANB2	P35637	O95218
MCM2	DNAJC9	P49736	Q8WXX5
MCM2	MCM3	P49736	P25205
MCM2	MCM4	P49736	P33991
MCM2	MCM5	P49736	P33992
MCM2	MCM6	P49736	Q14566
MCM2	MCM7	P49736	P33993
MCM2	NCOA5	P49736	Q9HCD5
MCM2	SUPT16H	P49736	Q9Y5B9
RPL23	ALYREF	P62829	E9PB61
RPL23	AURKAIP1	P62829	Q9NWT8
RPL23	BANF1	P62829	O75531
RPL23	BOP1	P62829	Q14137
RPL23	C11orf98	P62829	A0A0B4J220
RPL23	C8orf33	P62829	Q9H7E9
RPL23	CCDC59	P62829	Q9P031
RPL23	CDK11B;CDK11B;CDK11B;CDC2L1;CDK11B;CDK11B	P62829	A0A0D9SEI3;A0A0D9SEN2;A0A0D9SER5;B7ZVY7;J3QR44;P21127
RPL23	CHTOP	P62829	Q9Y3Y2;X6R700
RPL23	DDX24	P62829	Q9GZR7
RPL23	DDX27	P62829	B7Z6D5;Q96GQ7
RPL23	DDX39B	P62829	Q13838
RPL23	DDX41	P62829	J3KNN5;Q9UJV9
RPL23	EBNA1BP2	P62829	H7C2Q8;Q99848
RPL23	ERH	P62829	P84090
RPL23	EXOSC10	P62829	Q01780
RPL23	EXOSC3	P62829	Q9NQT5
RPL23	EXOSC8	P62829	Q96B26
RPL23	FAU	P62829	P62861
RPL23	GNL2	P62829	"Q13823,H0YG10"
RPL23	GNL3	P62829	Q9BVP2
RPL23	HP1BP3	P62829	Q5SSJ5
RPL23	KRI1	P62829	Q8N9T8
RPL23	KRR1	P62829	Q13601
RPL23	LLPH	P62829	Q9BRT6
RPL23	LTV1	P62829	Q96GA3
RPL23	MMTAG2	P62829	Q9BU76
RPL23	MRPL2	P62829	Q5T653
RPL23	MRPL3	P62829	E7ETU7;H0Y9G6;P09001
RPL23	MRPL33	P62829	O75394
RPL23	MRPL41	P62829	Q8IXM3
RPL23	MRPS14	P62829	O60783
RPL23	MRPS16	P62829	Q9Y3D3
RPL23	MRPS18B	P62829	Q9Y676
RPL23	MRPS21	P62829	P82921
RPL23	MRPS22	P62829	G5E9V5;G5E9W7;P82650
RPL23	MRPS23	P62829	Q9Y3D9
RPL23	MRPS26	P62829	Q9BYN8
RPL23	MRPS27	P62829	Q92552
RPL23	MRPS31	P62829	Q92665
RPL23	MRPS34	P62829	C9JJ19;P82930
RPL23	MRPS5	P62829	P82675
RPL23	MRPS6	P62829	P82932
RPL23	NAP1L1	P62829	"F5H4R6;H0YIV4;P55209,F8VRJ2"
RPL23	NOC3L	P62829	Q8WTT2
RPL23	NOL6	P62829	Q9H6R4
RPL23	NOM1	P62829	Q5C9Z4
RPL23	NOP16	P62829	Q9Y3C1
RPL23	NOP53	P62829	Q9NZM5
RPL23	NPM1	P62829	"P06748,E5RI98,E5RGW4"
RPL23	NSA2	P62829	O95478
RPL23	PPAN-P2RY11;PPAN	P62829	A0A0A6YYI3;Q9NQ55
RPL23	PPM1G	P62829	O15355
RPL23	RBM28	P62829	Q9NW13
RPL23	RBM34	P62829	P42696
RPL23	RPL10	P62829	"P27635,F8W7C6"
RPL23	RPL10A	P62829	P62906
RPL23	RPL11	P62829	P62913
RPL23	RPL12	P62829	P30050
RPL23	RPL13	P62829	P26373
RPL23	RPL15	P62829	P61313
RPL23	RPL17;RPL17-C18orf32;RPL17;RPL17;RPL17	P62829	A0A087WXM6;A0A0A6YYL6;J3KRX5;J3QQT2;P18621
RPL23	RPL18	P62829	J3QQ67;Q07020
RPL23	RPL18A	P62829	Q02543
RPL23	RPL19	P62829	J3KTE4;J3QR09;P84098
RPL23	RPL21	P62829	P46778
RPL23	RPL24	P62829	P83731
RPL23	RPL26	P62829	P61254
RPL23	RPL26L1	P62829	Q9UNX3
RPL23	RPL27A	P62829	P46776
RPL23	RPL29	P62829	P47914
RPL23	RPL31	P62829	P62899
RPL23	RPL34	P62829	P49207
RPL23	RPL35	P62829	P42766
RPL23	RPL35A	P62829	P18077
RPL23	RPL36A;RPL36A-HNRNPH2	P62829	H0Y5B4;H7BZ11
RPL23	RPL36AL	P62829	Q969Q0
RPL23	RPL37A	P62829	P61513
RPL23	RPL39;RPL39P5	P62829	P62891;Q59GN2
RPL23	RPL9	P62829	P32969
RPL23	RPS14	P62829	P62263
RPL23	RPS15	P62829	"K7ELC2;P62841,A0A0B4J2B4"
RPL23	RPS16	P62829	P62249
RPL23	RPS17	P62829	P08708
RPL23	RPS18	P62829	P62269
RPL23	RPS19	P62829	P39019
RPL23	RPS20	P62829	P60866
RPL23	RPS23	P62829	P62266
RPL23	RPS25	P62829	P62851
RPL23	RPS28	P62829	P62857
RPL23	RPS3A	P62829	P61247
RPL23	RPS5	P62829	M0R0F0;P46782
RPL23	RRP15	P62829	Q9Y3B9
RPL23	SNW1	P62829	Q13573
RPL23	SRP19	P62829	P09132
RPL23	SRP68	P62829	Q9UHB9
RPL23	SRP72	P62829	O76094
RPL23	SURF6	P62829	O75683
RPL23	THOC1	P62829	A0A087WWS1;Q96FV9
RPL23	THOC2	P62829	Q8NI27
RPL23	THOC3	P62829	Q96J01
RPL23	THOC5	P62829	Q13769
RPL23	THOC6	P62829	Q86W42
RPL23	THOC7	P62829	Q6I9Y2
RPL23	UBTF	P62829	"E9PKP7,P17480"
RPL23	WDR12	P62829	Q9GZL7
RPL23	WDR55	P62829	Q9H6Y2
RPL23	ZNF768	P62829	Q9H5H4
RPL23A	AURKAIP1	P62750	Q9NWT8
RPL23A	BRIX1	P62750	Q8TDN6
RPL23A	CAPRIN1	P62750	Q14444
RPL23A	DDX21	P62750	Q9NR30
RPL23A	DDX50	P62750	Q9BQ39
RPL23A	DHX30	P62750	Q7L2E3
RPL23A	DHX9	P62750	Q08211
RPL23A	EBNA1BP2	P62750	H7C2Q8;Q99848
RPL23A	FAU	P62750	P62861
RPL23A	FMR1	P62750	"A8MQB8;G3V0J0,Q06787"
RPL23A	FTSJ3	P62750	Q8IY81
RPL23A	G3BP2	P62750	Q9UN86
RPL23A	HIST1H1E	P62750	P10412
RPL23A	NAP1L1	P62750	"F5H4R6;H0YIV4;P55209,F8VRJ2"
RPL23A	NCL	P62750	P19338
RPL23A	NPM1	P62750	"P06748,E5RI98,E5RGW4"
RPL23A	NSA2	P62750	O95478
RPL23A	PABPC1	P62750	"P11940,E5RJM8"
RPL23A	PPFIA1	P62750	Q13136
RPL23A	RBM34	P62750	P42696
RPL23A	RPL10	P62750	"P27635,F8W7C6"
RPL23A	RPL10A	P62750	P62906
RPL23A	RPL12	P62750	P30050
RPL23A	RPL13	P62750	P26373
RPL23A	RPL13A	P62750	P40429
RPL23A	RPL14	P62750	P50914
RPL23A	RPL15	P62750	P61313
RPL23A	RPL17;RPL17-C18orf32;RPL17;RPL17;RPL17	P62750	A0A087WXM6;A0A0A6YYL6;J3KRX5;J3QQT2;P18621
RPL23A	RPL18	P62750	J3QQ67;Q07020
RPL23A	RPL18A	P62750	Q02543
RPL23A	RPL19	P62750	J3KTE4;J3QR09;P84098
RPL23A	RPL21	P62750	P46778
RPL23A	RPL22	P62750	P35268
RPL23A	RPL24	P62750	P83731
RPL23A	RPL26	P62750	P61254
RPL23A	RPL26L1	P62750	Q9UNX3
RPL23A	RPL27	P62750	P61353
RPL23A	RPL27A	P62750	P46776
RPL23A	RPL28	P62750	P46779
RPL23A	RPL29	P62750	P47914
RPL23A	RPL3	P62750	P39023
RPL23A	RPL30	P62750	P62888
RPL23A	RPL31	P62750	P62899
RPL23A	RPL32	P62750	F8W727;P62910
RPL23A	RPL34	P62750	P49207
RPL23A	RPL35	P62750	P42766
RPL23A	RPL35A	P62750	P18077
RPL23A	RPL36	P62750	Q9Y3U8
RPL23A	RPL36A;RPL36A-HNRNPH2	P62750	H0Y5B4;H7BZ11
RPL23A	RPL36AL	P62750	Q969Q0
RPL23A	RPL37A	P62750	P61513
RPL23A	RPL39;RPL39P5	P62750	P62891;Q59GN2
RPL23A	RPL4	P62750	P36578
RPL23A	RPL5	P62750	P46777
RPL23A	RPL6	P62750	Q02878
RPL23A	RPL7	P62750	P18124
RPL23A	RPL7A	P62750	P62424
RPL23A	RPL8	P62750	P62917
RPL23A	RPL9	P62750	P32969
RPL23A	RPLP0	P62750	"P05388,F8VZS0"
RPL23A	RPLP1	P62750	P05386
RPL23A	RPLP2	P62750	P05387
RPL23A	RPS11	P62750	P62280
RPL23A	RPS12	P62750	P25398
RPL23A	RPS13	P62750	P62277
RPL23A	RPS14	P62750	P62263
RPL23A	RPS15	P62750	"K7ELC2;P62841,A0A0B4J2B4"
RPL23A	RPS15A	P62750	P62244
RPL23A	RPS16	P62750	P62249
RPL23A	RPS17	P62750	P08708
RPL23A	RPS18	P62750	P62269
RPL23A	RPS19	P62750	P39019
RPL23A	RPS2	P62750	P15880
RPL23A	RPS23	P62750	P62266
RPL23A	RPS24	P62750	A0A087WUS0;E7ETK0;P62847
RPL23A	RPS25	P62750	P62851
RPL23A	RPS26	P62750	P62854
RPL23A	RPS27A	P62750	P62979
RPL23A	RPS28	P62750	P62857
RPL23A	RPS29	P62750	P62273
RPL23A	RPS3	P62750	"P23396,E9PJN9"
RPL23A	RPS3A	P62750	P61247
RPL23A	RPS4X	P62750	P62701
RPL23A	RPS5	P62750	M0R0F0;P46782
RPL23A	RPS6	P62750	"A2A3R5,P62753"
RPL23A	RPS7	P62750	P62081
RPL23A	RPS8	P62750	P62241
RPL23A	RPS9	P62750	A0A024R4M0;P46781
RPL23A	RSL1D1	P62750	O76021
RPL23A	YBX1	P62750	P67809
RUVBL2	DPCD	Q9Y230	Q9BVM2
RUVBL2	PFDN6	Q9Y230	O15212
RUVBL2	PIH1D1	Q9Y230	Q9NWS0
RUVBL2	POLR2E	Q9Y230	P19388
RUVBL2	RPAP3	Q9Y230	Q9H6T3
RUVBL2	RPS25	Q9Y230	P62851
RUVBL2	RPS7	Q9Y230	P62081
RUVBL2	RUVBL1	Q9Y230	Q9Y265
RUVBL2	TRIM27	Q9Y230	P14373
RUVBL2	WDCP	Q9Y230	Q9H6R7
RUVBL2	WDR92	Q9Y230	Q96MX6
RUVBL2	ZNHIT2	Q9Y230	Q9UHR6
SMARCC1	SMARCE1	Q92922	Q969G3
SMARCC1	SMARCD1	Q92922	Q96GM5
SMARCC1	SCYL1	Q92922	Q96KG9
ANAPC2	ANAPC10	Q9UJX6	Q9UM13
PFDN1	VBP1	O60925	P61758
PFDN1	PFDN5	O60925	Q99471
PFDN1	PFDN4	O60925	Q9NQP4
PFDN1	PFDN2	O60925	Q9UHV9
CCT2	CCT7	P78371	Q99832
SMARCC1	SMARCE1	Q92922	Q969G3
SMARCC1	SMARCD1	Q92922	Q96GM5
COG3	COG8	Q96JB2	Q96MW5
COG3	COG4	Q96JB2	Q9H9E3
COG3	COG5	Q96JB2	Q9UP83
COG3	COG6	Q96JB2	Q9Y2V7
PSMA3	PSMA4	P25788	P25789
PSMA3	PSMA5	P25788	P28066
PSMA3	PSMB4	P25788	P28070
PSMA3	PSMB6	P25788	P28072
PSMA3	PSMB5	P25788	P28074
PSMA3	PSMC2	P25788	P35998
PSMA3	PSMC4	P25788	P43686
PSMA3	PSMB3	P25788	P49720
PSMA3	PSMB2	P25788	P49721
PSMA3	PSMD4	P25788	P55036
PSMA3	PSMA6	P25788	P60900
PSMA3	PSMC1	P25788	P62191
PSMA3	PSMC5	P25788	P62195
PSMA3	PSMC6	P25788	P62333
PSMA3	PSMB7	P25788	Q99436
PSMA3	PSMD13	P25788	Q9UNM6
SMARCC1	SMARCE1	Q92922	Q969G3
SMARCC1	SMARCD1	Q92922	Q96GM5
PSMA3	PSMA4	P25788	P25789
PSMA3	PSMA5	P25788	P28066
PSMA3	PSMB4	P25788	P28070
PSMA3	PSMB6	P25788	P28072
PSMA3	PSMB5	P25788	P28074
PSMA3	PSMB3	P25788	P49720
PSMA3	PSMB2	P25788	P49721
PSMA3	PSMA6	P25788	P60900
PSMA3	PSME1	P25788	Q06323
PSMA3	PSMB7	P25788	Q99436
PSMA3	PSME2	P25788	Q9UL46
PSMA3	PSMA4	P25788	P25789
PSMA3	PSMA5	P25788	P28066
PSMA3	PSMB4	P25788	P28070
PSMA3	PSMB6	P25788	P28072
PSMA3	PSMB5	P25788	P28074
PSMA3	PSMC2	P25788	P35998
PSMA3	PSMC4	P25788	P43686
PSMA3	PSMD8	P25788	P48556
PSMA3	PSMB3	P25788	P49720
PSMA3	PSMB2	P25788	P49721
PSMA3	PSMD7	P25788	P51665
PSMA3	PSMD4	P25788	P55036
PSMA3	PSMA6	P25788	P60900
PSMA3	PSMC1	P25788	P62191
PSMA3	PSMC5	P25788	P62195
PSMA3	PSMC6	P25788	P62333
PSMA3	PSME1	P25788	Q06323
PSMA3	PSMD2	P25788	Q13200
PSMA3	PSMD6	P25788	Q15008
PSMA3	PSMD5	P25788	Q16401
PSMA3	PSMB7	P25788	Q99436
PSMA3	PSMD1	P25788	Q99460
PSMA3	PSME2	P25788	Q9UL46
PSMA3	PSMD13	P25788	Q9UNM6
PSMA3	PSMA4	P25788	P25789
PSMA3	PSMA5	P25788	P28066
PSMA3	PSMB4	P25788	P28070
PSMA3	PSMB6	P25788	P28072
PSMA3	PSMB5	P25788	P28074
PSMA3	PSMB3	P25788	P49720
PSMA3	PSMB2	P25788	P49721
PSMA3	PSMA6	P25788	P60900
PSMA3	PSME3	P25788	P61289
PSMA3	PSMB7	P25788	Q99436
SMARCC1	SMARCD2	Q92922	Q92925
SMARCC1	SMARCE1	Q92922	Q969G3
RUVBL2	RUVBL1	Q9Y230	Q9Y265
RUVBL2	RUVBL1	Q9Y230	Q9Y265
RPL23A	RPS6	P62750	P62753
RPL23A	RPL23	P62750	P62829
RPL23A	RPS15	P62750	P62841
RPL23A	RPS24	P62750	P62847
RPL23A	RPS25	P62750	P62851
RPL23A	RPS26	P62750	P62854
RPL23A	RPS28	P62750	P62857
RPL23A	FAU	P62750	P62861
RPL23A	RPL30	P62750	P62888
RPL23A	RPL39	P62750	P62891
RPL23A	RPL31	P62750	P62899
RPL23A	RPL10A	P62750	P62906
RPL23A	RPL32	P62750	P62910
RPL23A	RPL11	P62750	P62913
RPL23A	RPL8	P62750	P62917
RPL23A	RPL41	P62750	P62945
RPL23A	RPS27A	P62750	P62979
RPL23A	UBA52	P62750	P62987
RPL23A	RPL38	P62750	P63173
RPL23A	RPS21	P62750	P63220
RPL23A	RPL24	P62750	P83731
RPL23A	RPL36A	P62750	P83881
RPL23A	RPL19	P62750	P84098
RPL23A	RPL18A	P62750	Q02543
RPL23A	RPL6	P62750	Q02878
RPL23A	RPL18	P62750	Q07020
RPL23A	RPL36	P62750	Q9Y3U8
RPL23	RPS15	P62829	P62841
RPL23	RPS24	P62829	P62847
RPL23	RPS25	P62829	P62851
RPL23	RPS26	P62829	P62854
RPL23	RPS28	P62829	P62857
RPL23	FAU	P62829	P62861
RPL23	RPL30	P62829	P62888
RPL23	RPL39	P62829	P62891
RPL23	RPL31	P62829	P62899
RPL23	RPL10A	P62829	P62906
RPL23	RPL32	P62829	P62910
RPL23	RPL11	P62829	P62913
RPL23	RPL8	P62829	P62917
RPL23	RPL41	P62829	P62945
RPL23	RPS27A	P62829	P62979
RPL23	UBA52	P62829	P62987
RPL23	RPL38	P62829	P63173
RPL23	RPS21	P62829	P63220
RPL23	RPL24	P62829	P83731
RPL23	RPL36A	P62829	P83881
RPL23	RPL19	P62829	P84098
RPL23	RPL18A	P62829	Q02543
RPL23	RPL6	P62829	Q02878
RPL23	RPL18	P62829	Q07020
RPL23	RPL36	P62829	Q9Y3U8
RPL23A	RPL23	P62750	P62829
RPL23A	RPL30	P62750	P62888
RPL23A	RPL39	P62750	P62891
RPL23A	RPL31	P62750	P62899
RPL23A	RPL10A	P62750	P62906
RPL23A	RPL32	P62750	P62910
RPL23A	RPL11	P62750	P62913
RPL23A	RPL8	P62750	P62917
RPL23A	RPL41	P62750	P62945
RPL23A	UBA52	P62750	P62987
RPL23A	RPL38	P62750	P63173
RPL23A	RPL24	P62750	P83731
RPL23A	RPL36A	P62750	P83881
RPL23A	RPL19	P62750	P84098
RPL23A	RPL18A	P62750	Q02543
RPL23A	RPL6	P62750	Q02878
RPL23A	RPL18	P62750	Q07020
RPL23A	RPL36	P62750	Q9Y3U8
RPL23	RPL30	P62829	P62888
RPL23	RPL39	P62829	P62891
RPL23	RPL31	P62829	P62899
RPL23	RPL10A	P62829	P62906
RPL23	RPL32	P62829	P62910
RPL23	RPL11	P62829	P62913
RPL23	RPL8	P62829	P62917
RPL23	RPL41	P62829	P62945
RPL23	UBA52	P62829	P62987
RPL23	RPL38	P62829	P63173
RPL23	RPL24	P62829	P83731
RPL23	RPL36A	P62829	P83881
RPL23	RPL19	P62829	P84098
RPL23	RPL18A	P62829	Q02543
RPL23	RPL6	P62829	Q02878
RPL23	RPL18	P62829	Q07020
RPL23	RPL36	P62829	Q9Y3U8
MCM2	MCM6	P49736	Q14566
RUVBL2	RUVBL1	Q9Y230	Q9Y265
RUVBL2	TRRAP	Q9Y230	Q9Y4A5
RUVBL2	RUVBL1	Q9Y230	Q9Y265
RUVBL2	TRRAP	Q9Y230	Q9Y4A5
SMARCC1	SMARCD2	Q92922	Q92925
SMARCC1	SMARCE1	Q92922	Q969G3
SMARCC1	SMARCD1	Q92922	Q96GM5
SMARCC1	SMARCD2	Q92922	Q92925
SMARCC1	SMARCE1	Q92922	Q969G3
SMARCC1	SMARCD1	Q92922	Q96GM5
GINS1	GINS4	Q14691	Q9BRT9
GINS1	GINS3	Q14691	Q9BRX5
GINS1	GINS2	Q14691	Q9Y248
SMARCC1	SMARCE1	Q92922	Q969G3
SMARCC1	SMARCD1	Q92922	Q96GM5
SMARCC1	SMARCE1	Q92922	Q969G3
SMARCC1	SMARCD1	Q92922	Q96GM5
SMARCC1	SMARCD2	Q92922	Q92925
SMARCC1	SMARCE1	Q92922	Q969G3
SMARCC1	SMARCD1	Q92922	Q96GM5
SMARCC1	SIN3A	Q92922	Q96ST3
SMARCC1	SMARCD2	Q92922	Q92925
SMARCC1	SMARCE1	Q92922	Q969G3
SMARCC1	SMARCD1	Q92922	Q96GM5
SMARCC1	SIN3A	Q92922	Q96ST3
COPS5	COPS8	Q92905	Q99627
COPS5	COPS4	Q92905	Q9BT78
COPS5	COPS7A	Q92905	Q9UBW8
COPS5	COPS3	Q92905	Q9UNS2
COPS5	COPS8	Q92905	Q99627
COPS5	COPS4	Q92905	Q9BT78
COPS5	COPS7A	Q92905	Q9UBW8
COPS5	COPS3	Q92905	Q9UNS2
COPS5	COPS8	Q92905	Q99627
COPS5	COPS4	Q92905	Q9BT78
COPS5	COPS7A	Q92905	Q9UBW8
COPS5	COPS3	Q92905	Q9UNS2
SMARCC1	SMARCD1	Q92922	Q96GM5
SMARCC1	SIN3A	Q92922	Q96ST3
SMARCC1	ING1	Q92922	Q9UK53
EIF3A	EIF3C	Q14152	Q99613
EIF3A	EIF3K	Q14152	Q9UBQ5
EIF3A	EIF3L	Q14152	Q9Y262
SMARCC1	SMARCD2	Q92922	Q92925
SMARCC1	SMARCE1	Q92922	Q969G3
SMARCC1	MBD2	Q92922	Q9UBB5
RUVBL2	RUVBL1	Q9Y230	Q9Y265
RUVBL2	RUVBL1	Q9Y230	Q9Y265
RUVBL2	TRRAP	Q9Y230	Q9Y4A5
EXOSC2	EXOSC7	Q13868	Q15024
EXOSC2	EXOSC6	Q13868	Q5RKV6
EXOSC2	EXOSC8	Q13868	Q96B26
EXOSC2	EXOSC4	Q13868	Q9NPD3
EXOSC2	EXOSC5	Q13868	Q9NQT4
EXOSC2	EXOSC3	Q13868	Q9NQT5
EXOSC2	DIS3	Q13868	Q9Y2L1
EXOSC2	EXOSC1	Q13868	Q9Y3B2
EXOSC10	EXOSC9	Q01780	Q06265
EXOSC10	EXOSC2	Q01780	Q13868
EXOSC10	EXOSC7	Q01780	Q15024
EXOSC10	EXOSC6	Q01780	Q5RKV6
EXOSC10	EXOSC8	Q01780	Q96B26
EXOSC10	EXOSC4	Q01780	Q9NPD3
EXOSC10	EXOSC5	Q01780	Q9NQT4
EXOSC10	EXOSC3	Q01780	Q9NQT5
EXOSC10	DIS3	Q01780	Q9Y2L1
EXOSC10	EXOSC1	Q01780	Q9Y3B2
RUVBL2	RUVBL1	Q9Y230	Q9Y265
RUVBL2	TRRAP	Q9Y230	Q9Y4A5
RUVBL2	RUVBL1	Q9Y230	Q9Y265
RUVBL2	TRRAP	Q9Y230	Q9Y4A5
SMARCC1	SMARCE1	Q92922	Q969G3
SMARCC1	SMARCD1	Q92922	Q96GM5
SMARCC1	SIN3A	Q92922	Q96ST3
SMARCC1	SMARCD2	Q92922	Q92925
SMARCC1	SMARCE1	Q92922	Q969G3
SMARCC1	SMARCD1	Q92922	Q96GM5
SMARCC1	SIN3A	Q92922	Q96ST3
SMARCC1	SMARCE1	Q92922	Q969G3
SMARCC1	SMARCD1	Q92922	Q96GM5
SMARCC1	SMARCD2	Q92922	Q92925
SMARCC1	SMARCE1	Q92922	Q969G3
SMARCC1	SMARCD1	Q92922	Q96GM5
EXOSC10	EXOSC2	Q01780	Q13868
EXOSC10	DCP2	Q01780	Q8IU60
EXOSC10	XRN1	Q01780	Q8IZH2
EXOSC10	UPF1	Q01780	Q92900
EXOSC10	UPF3B	Q01780	Q9BZI7
EXOSC10	XRN2	Q01780	Q9H0D6
EXOSC10	UPF2	Q01780	Q9HAU5
EXOSC10	EXOSC4	Q01780	Q9NPD3
EXOSC2	DCP2	Q13868	Q8IU60
EXOSC2	XRN1	Q13868	Q8IZH2
EXOSC2	UPF1	Q13868	Q92900
EXOSC2	UPF3B	Q13868	Q9BZI7
EXOSC2	XRN2	Q13868	Q9H0D6
EXOSC2	UPF2	Q13868	Q9HAU5
EXOSC2	EXOSC4	Q13868	Q9NPD3
EIF3A	EIF3M	Q14152	Q7L2H7
EIF3A	EIF3C	Q14152	Q99613
EIF3A	EIF3K	Q14152	Q9UBQ5
EIF3A	EIF3L	Q14152	Q9Y262
CPSF4	CPSF1	O95639	Q10570
CPSF4	FIP1L1	O95639	Q6UN15
CPSF4	CPSF2	O95639	Q9P2I0
CPSF4	CPSF3	O95639	Q9UKF6
CSTF2	CSTF1	P33240	Q05048
CSTF2	CSTF3	P33240	Q12996
CSTF2	CSTF1	P33240	Q05048
CSTF2	CPSF1	P33240	Q10570
CSTF2	CSTF3	P33240	Q12996
CSTF2	SYMPK	P33240	Q92797
CSTF2	CPSF2	P33240	Q9P2I0
CSTF2	CPSF3	P33240	Q9UKF6
RUVBL2	RUVBL1	Q9Y230	Q9Y265
RUVBL2	TRRAP	Q9Y230	Q9Y4A5
RUVBL2	RUVBL1	Q9Y230	Q9Y265
RUVBL2	TRRAP	Q9Y230	Q9Y4A5
RUVBL2	RUVBL1	Q9Y230	Q9Y265
DYNC1H1	SF3B4	Q14204	Q15427
DYNC1H1	BZW1	Q14204	Q7L1Q6
DYNC1H1	SRRM1	Q14204	Q8IYB3
DYNC1H1	GCN1	Q14204	Q92616
DYNC1H1	CDC5L	Q14204	Q99459
DYNC1H1	CWC15	Q14204	Q9P013
DYNC1H1	PRPF19	Q14204	Q9UMS4
DYNC1H1	SCAF8	Q14204	Q9UPN6
SMARCC1	SMARCE1	Q92922	Q969G3
SMARCC1	SMARCD1	Q92922	Q96GM5
SMARCC1	BAZ1B	Q92922	Q9UIG0
SMARCC1	SUPT16H	Q92922	Q9Y5B9
SMARCC1	SMARCD2	Q92922	Q92925
SMARCC1	SMARCE1	Q92922	Q969G3
SMARCC1	SMARCD1	Q92922	Q96GM5
SMARCC1	SMARCD2	Q92922	Q92925
SMARCC1	SMARCE1	Q92922	Q969G3
SMARCC1	SMARCD1	Q92922	Q96GM5
SMARCC1	SIN3A	Q92922	Q96ST3
SMARCC1	CPSF2	Q92922	Q9P2I0
FUS	HNRNPM	P35637	P52272
FUS	HNRNPU	P35637	Q00839
FUS	EWSR1	P35637	Q01844
FUS	ILF2	P35637	Q12905
FUS	ILF3	P35637	Q12906
FUS	TARDBP	P35637	Q13148
FUS	DGCR8	P35637	Q8WYQ5
FUS	DDX1	P35637	Q92499
FUS	TAF15	P35637	Q92804
FUS	DDX17	P35637	Q92841
FUS	SRPK1	P35637	Q96SB4
FUS	HNRNPUL1	P35637	Q9BUJ2
FUS	DROSHA	P35637	Q9NRR4
FUS	RALY	P35637	Q9UKM9
MCM2	MCM6	P49736	Q14566
PPP2CA	PPP2R3A	P67775	Q06190
COPS5	COPS8	Q92905	Q99627
COPS5	COPS4	Q92905	Q9BT78
COPS5	COPS7A	Q92905	Q9UBW8
COPS5	COPS3	Q92905	Q9UNS2
COPS5	COPS8	Q92905	Q99627
COPS5	COPS4	Q92905	Q9BT78
COPS5	COPS7A	Q92905	Q9UBW8
COPS5	COPS3	Q92905	Q9UNS2
CSTF2	BRCA1	P33240	P38398
CSTF2	CSTF1	P33240	Q05048
CSTF2	CSTF3	P33240	Q12996
CSTF2	BARD1	P33240	Q99728
CSTF2	BRCA1	P33240	P38398
CSTF2	BARD1	P33240	Q99728
MCM2	MCM6	P49736	Q14566
SMARCC1	TRIM33	Q92922	Q9UPN9
SMARCC1	NCOA3	Q92922	Q9Y6Q9
RUVBL2	RUVBL1	Q9Y230	Q9Y265
RUVBL2	TRRAP	Q9Y230	Q9Y4A5
RPL23A	RPS6	P62750	P62753
RPL23A	RPL23	P62750	P62829
RPL23A	RPS15	P62750	P62841
RPL23A	RPS24	P62750	P62847
RPL23A	RPL30	P62750	P62888
RPL23A	RPL39	P62750	P62891
RPL23A	RPL31	P62750	P62899
RPL23A	RPL10A	P62750	P62906
RPL23A	RPL32	P62750	P62910
RPL23A	RPL11	P62750	P62913
RPL23A	RPL8	P62750	P62917
RPL23A	ACTG2	P62750	P63267
RPL23A	YBX1	P62750	P67809
RPL23A	EEF1A1	P62750	P68104
RPL23A	RPL24	P62750	P83731
RPL23A	RPL36A	P62750	P83881
RPL23A	RPL19	P62750	P84098
RPL23A	HNRNPU	P62750	Q00839
RPL23A	U2AF1	P62750	Q01081
RPL23A	RPL18A	P62750	Q02543
RPL23A	RPL6	P62750	Q02878
RPL23A	RPL18	P62750	Q07020
RPL23A	DHX9	P62750	Q08211
RPL23A	ILF2	P62750	Q12905
RPL23A	ILF3	P62750	Q12906
RPL23A	TCOF1	P62750	Q13428
RPL23A	PWP1	P62750	Q13610
RPL23A	NOLC1	P62750	Q14978
RPL23A	SCYL2	P62750	Q6P3W7
RPL23A	TUBA1A	P62750	Q71U36
RPL23A	BRIX1	P62750	Q8TDN6
RPL23A	H1-10	P62750	Q92522
RPL23A	SRPK1	P62750	Q96SB4
RPL23A	EBNA1BP2	P62750	Q99848
RPL23A	H2BC14	P62750	Q99879
RPL23A	MYBBP1A	P62750	Q9BQG0
RPL23A	GNL3	P62750	Q9BVP2
RPL23A	TUBB1	P62750	Q9H4B7
RPL23A	DDX21	P62750	Q9NR30
RPL23A	RBM28	P62750	Q9NW13
RPL23A	LYAR	P62750	Q9NX58
RPL23A	IGF2BP1	P62750	Q9NZI8
RPL23A	NOP58	P62750	Q9Y2X3
RPL23A	LUC7L2	P62750	Q9Y383
RPL23A	RPL36	P62750	Q9Y3U8
RPL23	RPS15	P62829	P62841
RPL23	RPS24	P62829	P62847
RPL23	RPL30	P62829	P62888
RPL23	RPL39	P62829	P62891
RPL23	RPL31	P62829	P62899
RPL23	RPL10A	P62829	P62906
RPL23	RPL32	P62829	P62910
RPL23	RPL11	P62829	P62913
RPL23	RPL8	P62829	P62917
RPL23	ACTG2	P62829	P63267
RPL23	YBX1	P62829	P67809
RPL23	EEF1A1	P62829	P68104
RPL23	RPL24	P62829	P83731
RPL23	RPL36A	P62829	P83881
RPL23	RPL19	P62829	P84098
RPL23	HNRNPU	P62829	Q00839
RPL23	U2AF1	P62829	Q01081
RPL23	RPL18A	P62829	Q02543
RPL23	RPL6	P62829	Q02878
RPL23	RPL18	P62829	Q07020
RPL23	DHX9	P62829	Q08211
RPL23	ILF2	P62829	Q12905
RPL23	ILF3	P62829	Q12906
RPL23	TCOF1	P62829	Q13428
RPL23	PWP1	P62829	Q13610
RPL23	NOLC1	P62829	Q14978
RPL23	SCYL2	P62829	Q6P3W7
RPL23	TUBA1A	P62829	Q71U36
RPL23	BRIX1	P62829	Q8TDN6
RPL23	H1-10	P62829	Q92522
RPL23	SRPK1	P62829	Q96SB4
RPL23	EBNA1BP2	P62829	Q99848
RPL23	H2BC14	P62829	Q99879
RPL23	MYBBP1A	P62829	Q9BQG0
RPL23	GNL3	P62829	Q9BVP2
RPL23	TUBB1	P62829	Q9H4B7
RPL23	DDX21	P62829	Q9NR30
RPL23	RBM28	P62829	Q9NW13
RPL23	LYAR	P62829	Q9NX58
RPL23	IGF2BP1	P62829	Q9NZI8
RPL23	NOP58	P62829	Q9Y2X3
RPL23	LUC7L2	P62829	Q9Y383
RPL23	RPL36	P62829	Q9Y3U8
SMARCC1	SMARCD1	Q92922	Q96GM5
SMARCC1	SMARCE1	Q92922	Q969G3
RANBP9	RMND5A	Q96S59	Q9H871
RANBP9	MKLN1	Q96S59	Q9UL63
FUS	HNRNPU	P35637	Q00839
FUS	DHX9	P35637	Q08211
FUS	ILF3	P35637	Q12906
FUS	DGCR8	P35637	Q8WYQ5
FUS	DDX17	P35637	Q92841
COG3	COG4	Q96JB2	Q9H9E3
COG3	COG8	Q96JB2	Q96MW5
COG3	COG4	Q96JB2	Q9H9E3
EIF3A	EIF3C	Q14152	Q99613
MCM2	EMD	P49736	P50402
MCM2	H3C1	P49736	P68431
MCM2	HNRNPU	P49736	Q00839
MCM2	H1-1	P49736	Q02539
MCM2	C1QBP	P49736	Q07021
MCM2	RBL2	P49736	Q08999
MCM2	NMI	P49736	Q13287
MCM2	MCM6	P49736	Q14566
MCM2	SAP130	P49736	Q9H0E3
MCM2	BANF2	P49736	Q9H503
SMARCC1	TBL1Y	Q92922	Q9BQ87
SMARCC1	TBL1XR1	Q92922	Q9BZK7
SMARCC1	DPY30	Q92922	Q9C005
SMARCC1	BANF2	Q92922	Q9H503
SMARCC1	MED4	Q92922	Q9NPJ6
SMARCC1	RCOR1	Q92922	Q9UKL0
RANBP9	PLXNA1	Q96S59	Q9UIW2
RANBP9	PLXNA4	Q96S59	Q9HCM2
PPP2CA	PPME1	P67775	Q9Y570
DYNC1H1	DYNC1LI1	Q14204	Q9Y6G9
DYNC1H1	DYNC1LI1	Q14204	Q9Y6G9
PPP2CA	PPP2R3A	P67775	Q06190
PPP2CA	LPP	P67775	Q93052
PPP2CA	STRN3	P67775	Q13033
CCT2	BBS12	P78371	Q6ZW61
CCT2	BBS7	P78371	Q8IWZ6
CCT2	BBS10	P78371	Q8TAM1
CCT2	MKKS	P78371	Q9NPJ1
MCM2	H4C1	P49736	P62805
MCM2	H3C1	P49736	P68431
MCM2	ASF1A	P49736	Q9Y294
SMG1	UPF3B	Q96Q15	Q9BZI7
SMG1	UPF2	Q96Q15	Q9HAU5
SMG1	RBM8A	Q96Q15	Q9Y5S9
PPP2CA	GRIN3A	P67775	Q8TCU5
PPP2CA	IGBP1	P67775	P78318
DLD	DLST	P09622	P36957
DLD	OGDH	P09622	Q02218
DLD	KAT2A	P09622	Q92830
DLST	OGDH	P36957	Q02218
DLST	KAT2A	P36957	Q92830
PSMA3	ANP32A	P25788	P39687
PSMA3	ANP32B	P25788	Q92688
SMARCC1	SMARCE1	Q92922	Q969G3
SMARCC1	SMARCD1	Q92922	Q96GM5
SMARCC1	BRD7	Q92922	Q9NPI1
EXOSC10	DIS3L	Q01780	Q8TF46
EXOSC10	MPHOSPH6	Q01780	Q99547
EXOSC2	DIS3L	Q13868	Q8TF46
EXOSC2	MPHOSPH6	Q13868	Q99547
PPP2CA	HSF1	P67775	Q00613
PPP2CA	IER5	P67775	Q5VY09
RUVBL2	RUVBL1	Q9Y230	Q9Y265
RUVBL2	TRRAP	Q9Y230	Q9Y4A5
MCM2	TICRR	P49736	Q7Z2Z1
MCM2	DONSON	P49736	Q9NYP3
MCM2	RBBP4	P49736	Q09028
MCM2	CHAF1A	P49736	Q13111
MCM2	CHAF1B	P49736	Q13112
MCM2	MCM6	P49736	Q14566
MCM2	SETDB1	P49736	Q15047
MCM2	EZH2	P49736	Q15910
MCM2	EHMT2	P49736	Q96KQ7
MCM2	CDYL	P49736	Q9Y232
SMARCC1	SMARCD2	Q92922	Q92925
SMARCC1	SMARCE1	Q92922	Q969G3
SMARCC1	SMARCD1	Q92922	Q96GM5
SMARCC1	BRD7	Q92922	Q9NPI1
SMARCC1	SMARCD1	Q92922	Q96GM5
SMARCC1	BRD9	Q92922	Q9H8M2
RANBP9	WDR26	Q96S59	Q9H7D7
RANBP9	RMND5A	Q96S59	Q9H871
RANBP9	GID8	Q96S59	Q9NWU2
RANBP9	MKLN1	Q96S59	Q9UL63
RUVBL2	RUVBL1	Q9Y230	Q9Y265
CPSF4	CPSF1	O95639	Q10570
CPSF4	FIP1L1	O95639	Q6UN15
CPSF4	CPSF2	O95639	Q9P2I0
CPSF4	CPSF3	O95639	Q9UKF6
PPP2CA	GOLGA2	P67775	Q08379
PPP2CA	STRN3	P67775	Q13033
PPP2CA	STRIP1	P67775	Q5VSL9
PPP2CA	PDCD10	P67775	Q9BUL8
PPP2CA	STRN4	P67775	Q9NRL3
PPP2CA	STK26	P67775	Q9P289
PPP2CA	CTTNBP2NL	P67775	Q9P2B4
PPP2CA	MOB4	P67775	Q9Y3A3
RANBP9	WDR26	Q96S59	Q9H7D7
RANBP9	RMND5A	Q96S59	Q9H871
RANBP9	GID8	Q96S59	Q9NWU2
RANBP9	MKLN1	Q96S59	Q9UL63
DLD	RAN	P09622	P62826
DLD	NFE2L1	P09622	Q14494
RUVBL2	RUVBL1	Q9Y230	Q9Y265
RUVBL2	RUVBL1	Q9Y230	Q9Y265
SMG1	SMG9	Q96Q15	Q9H0W8
RUVBL2	RUVBL1	Q9Y230	Q9Y265
FUS	RBMX	P35637	P38159
FUS	RBM25	P35637	P49756
FUS	HNRNPA3	P35637	P51991
FUS	NCBP2	P35637	P52298
FUS	RBM5	P35637	P52756
FUS	HNRNPK	P35637	P61978
FUS	PPP1CA	P35637	P62136
FUS	SNRPE	P35637	P62304
FUS	SNRPF	P35637	P62306
FUS	SNRPG	P35637	P62308
FUS	SNRPD1	P35637	P62314
FUS	SNRPD2	P35637	P62316
FUS	SNRPD3	P35637	P62318
FUS	TRA2B	P35637	P62995
FUS	YBX1	P35637	P67809
FUS	SRSF3	P35637	P84103
FUS	RBM10	P35637	P98175
FUS	HNRNPU	P35637	Q00839
FUS	U2AF1	P35637	Q01081
FUS	SRSF2	P35637	Q01130
FUS	SRSF1	P35637	Q07955
FUS	SRSF4	P35637	Q08170
FUS	DHX9	P35637	Q08211
FUS	NCBP1	P35637	Q09161
FUS	SF3A3	P35637	Q12874
FUS	ILF2	P35637	Q12905
FUS	ILF3	P35637	Q12906
FUS	PPP1R8	P35637	Q12972
FUS	SRSF9	P35637	Q13242
FUS	SRSF5	P35637	Q13243
FUS	SRSF6	P35637	Q13247
FUS	SF3B2	P35637	Q13435
FUS	CIRBP	P35637	Q14011
FUS	RBM39	P35637	Q14498
FUS	EFTUD2	P35637	Q15029
FUS	RNPS1	P35637	Q15287
FUS	PCBP1	P35637	Q15365
FUS	SF3B3	P35637	Q15393
FUS	SF3B4	P35637	Q15427
FUS	SF3A2	P35637	Q15428
FUS	SF3A1	P35637	Q15459
FUS	SF1	P35637	Q15637
FUS	ELAVL1	P35637	Q15717
FUS	SRSF7	P35637	Q16629
FUS	PRPF8	P35637	Q6P2Q9
FUS	DDX46	P35637	Q7L014
FUS	PHF5A	P35637	Q7RTV0
FUS	ZC3H18	P35637	Q86VM9
FUS	DDX42	P35637	Q86XP3
FUS	CHERP	P35637	Q8IWX8
FUS	SUGP1	P35637	Q8IWZ8
FUS	CCAR1	P35637	Q8IX12
FUS	SRRM1	P35637	Q8IYB3
FUS	CCAR2	P35637	Q8N163
FUS	AGGF1	P35637	Q8N302
FUS	CTNNBL1	P35637	Q8WYA6
FUS	PRCC	P35637	Q92733
FUS	DDX17	P35637	Q92841
FUS	RBM17	P35637	Q96I25
FUS	CDC5L	P35637	Q99459
FUS	HNRNPAB	P35637	Q99729
FUS	TRIR	P35637	Q9BQ61
FUS	NRIP2	P35637	Q9BQI9
FUS	HNRNPUL1	P35637	Q9BUJ2
FUS	DDX23	P35637	Q9BUQ8
FUS	SF3B5	P35637	Q9BWJ5
FUS	SRRT	P35637	Q9BXP5
FUS	PNN	P35637	Q9H307
FUS	SEC31B	P35637	Q9NQW1
FUS	CWC15	P35637	Q9P013
FUS	SAP30BP	P35637	Q9UHR5
FUS	PUF60	P35637	Q9UHX1
FUS	ACIN1	P35637	Q9UKV3
FUS	PRPF19	P35637	Q9UMS4
FUS	SRRM2	P35637	Q9UQ35
FUS	CDK11A	P35637	Q9UQ88
FUS	WBP11	P35637	Q9Y2W2
FUS	SF3B6	P35637	Q9Y3B4
FUS	CFAP20	P35637	Q9Y6A4
FUS	MTREX	P35637	P42285
FUS	RBM25	P35637	P49756
FUS	SMARCA2	P35637	P51531
FUS	SMARCA4	P35637	P51532
FUS	HNRNPM	P35637	P52272
FUS	NCBP2	P35637	P52298
FUS	HNRNPF	P35637	P52597
FUS	GEMIN4	P35637	P57678
FUS	HNRNPK	P35637	P61978
FUS	SNRPE	P35637	P62304
FUS	SNRPF	P35637	P62306
FUS	SNRPG	P35637	P62308
FUS	SNRPD1	P35637	P62314
FUS	SNRPD2	P35637	P62316
FUS	SNRPD3	P35637	P62318
FUS	YBX1	P35637	P67809
FUS	SRSF3	P35637	P84103
FUS	RBM10	P35637	P98175
FUS	HNRNPU	P35637	Q00839
FUS	U2AF1	P35637	Q01081
FUS	SRSF2	P35637	Q01130
FUS	SRSF11	P35637	Q05519
FUS	SRSF1	P35637	Q07955
FUS	SRSF4	P35637	Q08170
FUS	DHX9	P35637	Q08211
FUS	NCBP1	P35637	Q09161
FUS	CPSF1	P35637	Q10570
FUS	SMARCB1	P35637	Q12824
FUS	SFSWAP	P35637	Q12872
FUS	SF3A3	P35637	Q12874
FUS	HNRNPA0	P35637	Q13151
FUS	SRSF5	P35637	Q13243
FUS	SRSF6	P35637	Q13247
FUS	SF3B2	P35637	Q13435
FUS	DDX39B	P35637	Q13838
FUS	HNRNPD	P35637	Q14103
FUS	RBM39	P35637	Q14498
FUS	CHD4	P35637	Q14839
FUS	SART3	P35637	Q15020
FUS	EFTUD2	P35637	Q15029
FUS	PCBP1	P35637	Q15365
FUS	PCBP2	P35637	Q15366
FUS	SF3B3	P35637	Q15393
FUS	SF3B4	P35637	Q15427
FUS	SF3A2	P35637	Q15428
FUS	SF3A1	P35637	Q15459
FUS	SF1	P35637	Q15637
FUS	SRSF7	P35637	Q16629
FUS	CPSF6	P35637	Q16630
FUS	SMN1	P35637	Q16637
FUS	USP39	P35637	Q53GS9
FUS	ACTBL2	P35637	Q562R1
FUS	ARID2	P35637	Q68CP9
FUS	ZCCHC8	P35637	Q6NZY4
FUS	PRPF8	P35637	Q6P2Q9
FUS	DDX46	P35637	Q7L014
FUS	PHF5A	P35637	Q7RTV0
FUS	PBRM1	P35637	Q86U86
FUS	ALYREF	P35637	Q86V81
FUS	CHERP	P35637	Q8IWX8
FUS	CPSF7	P35637	Q8N684
FUS	ARID1B	P35637	Q8NFD5
FUS	SMARCC2	P35637	Q8TAQ2
FUS	GEMIN5	P35637	Q8TEQ6
FUS	PRPF31	P35637	Q8WWY3
FUS	SREK1	P35637	Q8WXA9
FUS	GEMIN6	P35637	Q8WXD5
FUS	DDX17	P35637	Q92841
FUS	SMARCC1	P35637	Q92922
FUS	KHSRP	P35637	Q92945
FUS	SMARCE1	P35637	Q969G3
FUS	SNRNP40	P35637	Q96DI7
FUS	SMARCD1	P35637	Q96GM5
FUS	RBM17	P35637	Q96I25
FUS	SRSF8	P35637	Q9BRL6
FUS	RBM42	P35637	Q9BTD8
FUS	DDX23	P35637	Q9BUQ8
FUS	SRRT	P35637	Q9BXP5
FUS	CHD8	P35637	Q9HCK8
FUS	GEMIN8	P35637	Q9NWZ8
FUS	DDX20	P35637	Q9UHI6
FUS	PUF60	P35637	Q9UHX1
FUS	PRPF19	P35637	Q9UMS4
FUS	SRRM2	P35637	Q9UQ35
FUS	RUVBL2	P35637	Q9Y230
FUS	RUVBL1	P35637	Q9Y265
FUS	LUC7L2	P35637	Q9Y383
FUS	SF3B6	P35637	Q9Y3B4
FUS	STRAP	P35637	Q9Y3F4
FUS	LSM4	P35637	Q9Y4Z0
FUS	RBM7	P35637	Q9Y580
SMARCC1	KHSRP	Q92922	Q92945
SMARCC1	SMARCE1	Q92922	Q969G3
SMARCC1	SNRNP40	Q92922	Q96DI7
SMARCC1	SMARCD1	Q92922	Q96GM5
SMARCC1	RBM17	Q92922	Q96I25
SMARCC1	SRSF8	Q92922	Q9BRL6
SMARCC1	RBM42	Q92922	Q9BTD8
SMARCC1	DDX23	Q92922	Q9BUQ8
SMARCC1	SRRT	Q92922	Q9BXP5
SMARCC1	CHD8	Q92922	Q9HCK8
SMARCC1	GEMIN8	Q92922	Q9NWZ8
SMARCC1	DDX20	Q92922	Q9UHI6
SMARCC1	PUF60	Q92922	Q9UHX1
SMARCC1	PRPF19	Q92922	Q9UMS4
SMARCC1	SRRM2	Q92922	Q9UQ35
SMARCC1	RUVBL2	Q92922	Q9Y230
SMARCC1	RUVBL1	Q92922	Q9Y265
SMARCC1	LUC7L2	Q92922	Q9Y383
SMARCC1	SF3B6	Q92922	Q9Y3B4
SMARCC1	STRAP	Q92922	Q9Y3F4
SMARCC1	LSM4	Q92922	Q9Y4Z0
SMARCC1	RBM7	Q92922	Q9Y580
RUVBL2	RUVBL1	Q9Y230	Q9Y265
RUVBL2	LUC7L2	Q9Y230	Q9Y383
RUVBL2	SF3B6	Q9Y230	Q9Y3B4
RUVBL2	STRAP	Q9Y230	Q9Y3F4
RUVBL2	LSM4	Q9Y230	Q9Y4Z0
RUVBL2	RBM7	Q9Y230	Q9Y580
RANBP9	WDR26	Q96S59	Q9H7D7
RANBP9	RMND5A	Q96S59	Q9H871
RANBP9	GID8	Q96S59	Q9NWU2
RANBP9	MKLN1	Q96S59	Q9UL63
RANBP9	DYRK1B	Q96S59	Q9Y463
RUVBL2	RUVBL1	Q9Y230	Q9Y265
ACTR3	ACTR2	P61158	P61160
ACTR3	WHAMM	P61158	Q8TF30
DCTN1	DYNC1H1	Q14203	Q14204
DCTN1	DYNC1LI1	Q14203	Q9Y6G9
DCTN1	BICD2	Q14203	Q8TD16
DCTN1	NUDC	Q14203	Q9Y266
DCTN1	RILP	Q14203	Q96NA2
DCTN1	OSBPL1A	Q14203	Q9BXW6
DCTN1	ODF2	Q14203	Q5BJF6
DCTN1	CEP170	Q14203	Q5SW79
DCTN1	CEP128	Q14203	Q6ZU80
DCTN1	CNTRL	Q14203	Q7Z7A1
DCTN1	NIN	Q14203	Q8N4C6
SMARCC1	ARID1A	Q92922	O14497
SMARCC1	SMARCA4	Q92922	P51532
SMARCC1	ACTB	Q92922	P60709
SMARCC1	SMARCB1	Q92922	Q12824
SMARCC1	CARM1	Q92922	Q86X55
SMARCC1	SMARCC2	Q92922	Q8TAQ2
ANAPC2	CDC27	Q9UJX6	P30260
ANAPC2	CDC16	Q9UJX6	Q13042
ANAPC2	ANAPC1	Q9UJX6	Q9H1A4
ANAPC2	CDC23	Q9UJX6	Q9UJX2
ANAPC2	ANAPC7	Q9UJX6	Q9UJX3
ANAPC2	ANAPC5	Q9UJX6	Q9UJX4
ANAPC2	ANAPC4	Q9UJX6	Q9UJX5
PFDN1	PFDN6	O60925	O15212
CCT2	TCP1	P78371	P17987
CCT2	CCT6A	P78371	P40227
CCT2	CCT5	P78371	P48643
CCT2	CCT3	P78371	P49368
CCT2	CCT8	P78371	P50990
CCT2	CCT4	P78371	P50991
SMARCC1	ACTL6A	Q92922	O96019
SMARCC1	SMARCA4	Q92922	P51532
SMARCC1	ACTB	Q92922	P60709
SMARCC1	SMARCB1	Q92922	Q12824
SMARCC1	ARID2	Q92922	Q68CP9
SMARCC1	PBRM1	Q92922	Q86U86
SMARCC1	SMARCC2	Q92922	Q8TAQ2
COG3	COG7	Q96JB2	P83436
COG3	COG2	Q96JB2	Q14746
COG3	COG1	Q96JB2	Q8WTW3
PSMA3	PSMA7	P25788	O14818
PSMA3	PSMC3	P25788	P17980
PSMA3	PSMB1	P25788	P20618
PSMA3	PSMA1	P25788	P25786
PSMA3	PSMA2	P25788	P25787
SMARCC1	ARID1A	Q92922	O14497
SMARCC1	ACTL6B	Q92922	O94805
SMARCC1	ACTL6A	Q92922	O96019
SMARCC1	SMARCA2	Q92922	P51531
SMARCC1	SMARCA4	Q92922	P51532
SMARCC1	ACTB	Q92922	P60709
SMARCC1	ACTG1	Q92922	P63261
SMARCC1	SMARCB1	Q92922	Q12824
SMARCC1	ARID1B	Q92922	Q8NFD5
SMARCC1	SMARCC2	Q92922	Q8TAQ2
PSMA3	PSMA7	P25788	O14818
PSMA3	PSMB1	P25788	P20618
PSMA3	PSMA1	P25788	P25786
PSMA3	PSMA2	P25788	P25787
PSMA3	PSMD11	P25788	O00231
PSMA3	PSMD12	P25788	O00232
PSMA3	PSMD9	P25788	O00233
PSMA3	PSMD14	P25788	O00487
PSMA3	PSMA7	P25788	O14818
PSMA3	PSMD3	P25788	O43242
PSMA3	PSMD10	P25788	O75832
PSMA3	PSMC3	P25788	P17980
PSMA3	PSMB1	P25788	P20618
PSMA3	PSMA1	P25788	P25786
PSMA3	PSMA2	P25788	P25787
PSMA3	PSMA7	P25788	O14818
PSMA3	PSMB1	P25788	P20618
PSMA3	PSMA1	P25788	P25786
PSMA3	PSMA2	P25788	P25787
SMARCC1	ARID1A	Q92922	O14497
SMARCC1	ACTL6A	Q92922	O96019
SMARCC1	BRCA1	Q92922	P38398
SMARCC1	SMARCA2	Q92922	P51531
SMARCC1	SMARCA4	Q92922	P51532
SMARCC1	SMARCB1	Q92922	Q12824
SMARCC1	SMARCC2	Q92922	Q8TAQ2
RUVBL2	ACTL6A	Q9Y230	O96019
RUVBL2	TCF3	Q9Y230	P15923
RUVBL2	INO80D	Q9Y230	Q53TQ3
RUVBL2	NFRKB	Q9Y230	Q6P4R8
RUVBL2	INO80C	Q9Y230	Q6PI98
RUVBL2	INO80E	Q9Y230	Q8NBZ0
RUVBL2	MCRS1	Q9Y230	Q96EZ8
RUVBL2	INO80B	Q9Y230	Q9C086
RUVBL2	ACTR8	Q9Y230	Q9H981
RUVBL2	ACTR5	Q9Y230	Q9H9F9
RUVBL2	INO80	Q9Y230	Q9ULG1
RUVBL2	ZNHIT1	Q9Y230	O43257
RUVBL2	YEATS4	Q9Y230	O95619
RUVBL2	ACTL6A	Q9Y230	O96019
RUVBL2	H2AZ1	Q9Y230	P0C0S5
RUVBL2	VPS72	Q9Y230	Q15906
RUVBL2	SRCAP	Q9Y230	Q6ZRS2
RUVBL2	EAF2	Q9Y230	Q96CJ1
RUVBL2	ACTR6	Q9Y230	Q9GZN1
RPL23A	RPLP1	P62750	P05386
RPL23	RPLP1	P62829	P05386
RPL23A	RPLP2	P62750	P05387
RPL23	RPLP2	P62829	P05387
RPL23A	RPLP0	P62750	P05388
RPL23	RPLP0	P62829	P05388
RPL23A	RPS17	P62750	P08708
RPL23	RPS17	P62829	P08708
RPL23A	RPSA	P62750	P08865
RPL23	RPSA	P62829	P08865
RPL23A	RPS2	P62750	P15880
RPL23	RPS2	P62829	P15880
RPL23A	RPL35A	P62750	P18077
RPL23	RPL35A	P62829	P18077
RPL23A	RPL7	P62750	P18124
RPL23	RPL7	P62829	P18124
RPL23A	RPL17	P62750	P18621
RPL23	RPL17	P62829	P18621
RPL23A	RPS4Y1	P62750	P22090
RPL23	RPS4Y1	P62829	P22090
RPL23A	RPS3	P62750	P23396
RPL23	RPS3	P62829	P23396
RPL23A	RPS12	P62750	P25398
RPL23	RPS12	P62829	P25398
RPL23A	RPL13	P62750	P26373
RPL23	RPL13	P62829	P26373
RPL23A	RPL10	P62750	P27635
RPL23	RPL10	P62829	P27635
RPL23A	RPL12	P62750	P30050
RPL23	RPL12	P62829	P30050
RPL23A	RPL9	P62750	P32969
RPL23	RPL9	P62829	P32969
RPL23A	RPL22	P62750	P35268
RPL23	RPL22	P62829	P35268
RPL23A	RPL4	P62750	P36578
RPL23	RPL4	P62829	P36578
RPL23A	RPS19	P62750	P39019
RPL23	RPS19	P62829	P39019
RPL23A	RPL3	P62750	P39023
RPL23	RPL3	P62829	P39023
RPL23A	RPL13A	P62750	P40429
RPL23	RPL13A	P62829	P40429
RPL23A	RPS27	P62750	P42677
RPL23	RPS27	P62829	P42677
RPL23A	RPL35	P62750	P42766
RPL23	RPL35	P62829	P42766
RPL23A	RPL27A	P62750	P46776
RPL23	RPL27A	P62829	P46776
RPL23A	RPL5	P62750	P46777
RPL23	RPL5	P62829	P46777
RPL23A	RPL21	P62750	P46778
RPL23	RPL21	P62829	P46778
RPL23A	RPL28	P62750	P46779
RPL23	RPL28	P62829	P46779
RPL23A	RPS9	P62750	P46781
RPL23	RPS9	P62829	P46781
RPL23A	RPS5	P62750	P46782
RPL23	RPS5	P62829	P46782
RPL23A	RPS10	P62750	P46783
RPL23	RPS10	P62829	P46783
RPL23A	RPL29	P62750	P47914
RPL23	RPL29	P62829	P47914
RPL23A	RPL34	P62750	P49207
RPL23	RPL34	P62829	P49207
RPL23A	RPL14	P62750	P50914
RPL23	RPL14	P62829	P50914
RPL23A	RPS20	P62750	P60866
RPL23	RPS20	P62829	P60866
RPL23A	RPS3A	P62750	P61247
RPL23	RPS3A	P62829	P61247
RPL23A	RPL26	P62750	P61254
RPL23	RPL26	P62829	P61254
RPL23A	RPL15	P62750	P61313
RPL23	RPL15	P62829	P61313
RPL23A	RPL27	P62750	P61353
RPL23	RPL27	P62829	P61353
RPL23A	RPL37A	P62750	P61513
RPL23	RPL37A	P62829	P61513
RPL23A	RPL37	P62750	P61927
RPL23	RPL37	P62829	P61927
RPL23A	RPS7	P62750	P62081
RPL23	RPS7	P62829	P62081
RPL23A	RPS8	P62750	P62241
RPL23	RPS8	P62829	P62241
RPL23A	RPS15A	P62750	P62244
RPL23	RPS15A	P62829	P62244
RPL23A	RPS16	P62750	P62249
RPL23	RPS16	P62829	P62249
RPL23A	RPS14	P62750	P62263
RPL23	RPS14	P62829	P62263
RPL23A	RPS23	P62750	P62266
RPL23	RPS23	P62829	P62266
RPL23A	RPS18	P62750	P62269
RPL23	RPS18	P62829	P62269
RPL23A	RPS29	P62750	P62273
RPL23	RPS29	P62829	P62273
RPL23A	RPS13	P62750	P62277
RPL23	RPS13	P62829	P62277
RPL23A	RPS11	P62750	P62280
RPL23	RPS11	P62829	P62280
RPL23A	RPL7A	P62750	P62424
RPL23	RPL7A	P62829	P62424
RPL23A	RPS4X	P62750	P62701
RPL23	RPS4X	P62829	P62701
RPL23	RPL23A	P62829	P62750
RPL23	RPS6	P62829	P62753
RPL23A	RPLP1	P62750	P05386
RPL23	RPLP1	P62829	P05386
RPL23A	RPLP2	P62750	P05387
RPL23	RPLP2	P62829	P05387
RPL23A	RPLP0	P62750	P05388
RPL23	RPLP0	P62829	P05388
RPL23A	RPL35A	P62750	P18077
RPL23	RPL35A	P62829	P18077
RPL23A	RPL7	P62750	P18124
RPL23	RPL7	P62829	P18124
RPL23A	RPL17	P62750	P18621
RPL23	RPL17	P62829	P18621
RPL23A	RPL13	P62750	P26373
RPL23	RPL13	P62829	P26373
RPL23A	RPL10	P62750	P27635
RPL23	RPL10	P62829	P27635
RPL23A	RPL12	P62750	P30050
RPL23	RPL12	P62829	P30050
RPL23A	RPL9	P62750	P32969
RPL23	RPL9	P62829	P32969
RPL23A	RPL22	P62750	P35268
RPL23	RPL22	P62829	P35268
RPL23A	RPL4	P62750	P36578
RPL23	RPL4	P62829	P36578
RPL23A	RPL3	P62750	P39023
RPL23	RPL3	P62829	P39023
RPL23A	RPL13A	P62750	P40429
RPL23	RPL13A	P62829	P40429
RPL23A	RPL35	P62750	P42766
RPL23	RPL35	P62829	P42766
RPL23A	RPL27A	P62750	P46776
RPL23	RPL27A	P62829	P46776
RPL23A	RPL5	P62750	P46777
RPL23	RPL5	P62829	P46777
RPL23A	RPL21	P62750	P46778
RPL23	RPL21	P62829	P46778
RPL23A	RPL28	P62750	P46779
RPL23	RPL28	P62829	P46779
RPL23A	RPL29	P62750	P47914
RPL23	RPL29	P62829	P47914
RPL23A	RPL34	P62750	P49207
RPL23	RPL34	P62829	P49207
RPL23A	RPL14	P62750	P50914
RPL23	RPL14	P62829	P50914
RPL23A	RPL26	P62750	P61254
RPL23	RPL26	P62829	P61254
RPL23A	RPL15	P62750	P61313
RPL23	RPL15	P62829	P61313
RPL23A	RPL27	P62750	P61353
RPL23	RPL27	P62829	P61353
RPL23A	RPL37A	P62750	P61513
RPL23	RPL37A	P62829	P61513
RPL23A	RPL37	P62750	P61927
RPL23	RPL37	P62829	P61927
RPL23A	RPL7A	P62750	P62424
RPL23	RPL7A	P62829	P62424
RPL23	RPL23A	P62829	P62750
MCM2	MCM3	P49736	P25205
MCM2	MCM4	P49736	P33991
MCM2	MCM5	P49736	P33992
MCM2	MCM7	P49736	P33993
RUVBL2	ACTL6A	Q9Y230	O96019
RUVBL2	KAT5	Q9Y230	Q92993
RUVBL2	YEATS4	Q9Y230	O95619
RUVBL2	ACTL6A	Q9Y230	O96019
RUVBL2	MORF4L2	Q9Y230	Q15014
RUVBL2	KAT5	Q9Y230	Q92993
RUVBL2	EP400	Q9Y230	Q96L91
RUVBL2	BRD8	Q9Y230	Q9H0E9
RUVBL2	EPC1	Q9Y230	Q9H2F5
RUVBL2	MEAF6	Q9Y230	Q9HAF1
RUVBL2	DMAP1	Q9Y230	Q9NPF5
RUVBL2	MRGBP	Q9Y230	Q9NV56
RUVBL2	ING3	Q9Y230	Q9NXR8
RUVBL2	MORF4L1	Q9Y230	Q9UBU8
RUVBL2	VPS72	Q9Y230	Q15906
SMARCC1	ACTL6A	Q92922	O96019
SMARCC1	SMARCA4	Q92922	P51532
SMARCC1	SMARCB1	Q92922	Q12824
SMARCC1	ARID2	Q92922	Q68CP9
SMARCC1	PBRM1	Q92922	Q86U86
SMARCC1	SMARCC2	Q92922	Q8TAQ2
SMARCC1	ACTL6A	Q92922	O96019
SMARCC1	SMARCA4	Q92922	P51532
SMARCC1	SMARCB1	Q92922	Q12824
SMARCC1	ARID2	Q92922	Q68CP9
SMARCC1	SMARCC2	Q92922	Q8TAQ2
SMARCC1	ARID1A	Q92922	O14497
SMARCC1	SMARCA4	Q92922	P51532
SMARCC1	EP300	Q92922	Q09472
SMARCC1	SMARCB1	Q92922	Q12824
SMARCC1	SMARCC2	Q92922	Q8TAQ2
SMARCC1	CREBBP	Q92922	Q92793
RANBP9	TMEM50A	Q96S59	O95807
SMARCC1	ARID1A	Q92922	O14497
SMARCC1	PRMT5	Q92922	O14744
SMARCC1	ACTL6A	Q92922	O96019
SMARCC1	SMARCA4	Q92922	P51532
SMARCC1	SMARCB1	Q92922	Q12824
SMARCC1	SMARCC2	Q92922	Q8TAQ2
SMARCC1	ARID1A	Q92922	O14497
SMARCC1	PRMT5	Q92922	O14744
SMARCC1	ACTL6A	Q92922	O96019
SMARCC1	SMARCA2	Q92922	P51531
SMARCC1	SMARCB1	Q92922	Q12824
SMARCC1	SMARCC2	Q92922	Q8TAQ2
SMARCC1	ARID1A	Q92922	O14497
SMARCC1	PRMT5	Q92922	O14744
SMARCC1	ACTL6A	Q92922	O96019
SMARCC1	SMARCA4	Q92922	P51532
SMARCC1	RBBP4	Q92922	Q09028
SMARCC1	SMARCB1	Q92922	Q12824
SMARCC1	SMARCD3	Q92922	Q6STE5
SMARCC1	SMARCC2	Q92922	Q8TAQ2
SMARCC1	HDAC2	Q92922	Q92769
SMARCC1	ARID1A	Q92922	O14497
SMARCC1	PRMT5	Q92922	O14744
SMARCC1	ACTL6A	Q92922	O96019
SMARCC1	SMARCA2	Q92922	P51531
SMARCC1	RBBP4	Q92922	Q09028
SMARCC1	SMARCB1	Q92922	Q12824
SMARCC1	HDAC1	Q92922	Q13547
SMARCC1	SMARCD3	Q92922	Q6STE5
SMARCC1	SMARCC2	Q92922	Q8TAQ2
SMARCC1	HDAC2	Q92922	Q92769
COPS5	COPS2	Q92905	P61201
COPS5	RBX1	Q92905	P62877
COPS5	GPS1	Q92905	Q13098
COPS5	CUL4A	Q92905	Q13619
COPS5	DDB1	Q92905	Q16531
COPS5	COPS6	Q92905	Q7L5N1
COPS5	DDB2	Q92905	Q92466
COPS5	COPS2	Q92905	P61201
COPS5	RBX1	Q92905	P62877
COPS5	GPS1	Q92905	Q13098
COPS5	ERCC8	Q92905	Q13216
COPS5	CUL4A	Q92905	Q13619
COPS5	DDB1	Q92905	Q16531
COPS5	COPS6	Q92905	Q7L5N1
COPS5	POLR2A	Q92905	P24928
COPS5	COPS2	Q92905	P61201
COPS5	RBX1	Q92905	P62877
COPS5	GPS1	Q92905	Q13098
COPS5	ERCC8	Q92905	Q13216
COPS5	CUL4A	Q92905	Q13619
COPS5	DDB1	Q92905	Q16531
COPS5	COPS6	Q92905	Q7L5N1
SMARCC1	SAP18	Q92922	O00422
SMARCC1	ARID1A	Q92922	O14497
SMARCC1	SAP30	Q92922	O75446
SMARCC1	ACTL6A	Q92922	O96019
SMARCC1	SMARCA4	Q92922	P51532
SMARCC1	RBBP4	Q92922	Q09028
SMARCC1	SMARCB1	Q92922	Q12824
SMARCC1	HDAC1	Q92922	Q13547
SMARCC1	RBBP7	Q92922	Q16576
SMARCC1	ARID4B	Q92922	Q4LE39
SMARCC1	SMARCC2	Q92922	Q8TAQ2
SMARCC1	HDAC2	Q92922	Q92769
EIF3A	EIF3F	Q14152	O00303
EIF3A	EIF3D	Q14152	O15371
EIF3A	EIF3H	Q14152	O15372
EIF3A	EIF3G	Q14152	O75821
EIF3A	EIF3J	Q14152	O75822
EIF3A	EIF3B	Q14152	P55884
EIF3A	EIF3E	Q14152	P60228
EIF3A	EIF3I	Q14152	Q13347
SMARCC1	ARID1A	Q92922	O14497
SMARCC1	MTA2	Q92922	O94776
SMARCC1	MBD3	Q92922	O95983
SMARCC1	ACTL6A	Q92922	O96019
SMARCC1	HNRNPC	Q92922	P07910
SMARCC1	SMARCA4	Q92922	P51532
SMARCC1	ACTB	Q92922	P60709
SMARCC1	RBBP4	Q92922	Q09028
SMARCC1	SMARCB1	Q92922	Q12824
SMARCC1	HDAC1	Q92922	Q13547
SMARCC1	CHD4	Q92922	Q14839
SMARCC1	SMARCC2	Q92922	Q8TAQ2
SMARCC1	GATAD2B	Q92922	Q8WXI9
SMARCC1	HDAC2	Q92922	Q92769
SMARCC1	DPF2	Q92922	Q92785
RUVBL2	URI1	Q9Y230	O94763
RUVBL2	POLR2E	Q9Y230	P19388
RUVBL2	SKP1	Q9Y230	P63208
RUVBL2	SKP2	Q9Y230	Q13309
RUVBL2	CUL1	Q9Y230	Q13616
RUVBL2	PFDN2	Q9Y230	Q9UHV9
RUVBL2	STAP1	Q9Y230	Q9ULZ2
SMG1	GSPT1	Q96Q15	P15170
SMG1	ETF1	Q96Q15	P62495
SMG1	UPF1	Q96Q15	Q92900
RUVBL2	ACTL6A	Q9Y230	O96019
RUVBL2	KAT5	Q9Y230	Q92993
RUVBL2	EPC1	Q9Y230	Q9H2F5
RUVBL2	DMAP1	Q9Y230	Q9NPF5
RUVBL2	MORF4L1	Q9Y230	Q9UBU8
EXOSC2	EXOSC9	Q13868	Q06265
EXOSC2	EXOSC10	Q13868	Q01780
RUVBL2	YEATS4	Q9Y230	O95619
RUVBL2	ACTL6A	Q9Y230	O96019
RUVBL2	EPC2	Q9Y230	Q52LR7
RUVBL2	KAT5	Q9Y230	Q92993
RUVBL2	EP400	Q9Y230	Q96L91
RUVBL2	BRD8	Q9Y230	Q9H0E9
RUVBL2	EPC1	Q9Y230	Q9H2F5
RUVBL2	MEAF6	Q9Y230	Q9HAF1
RUVBL2	DMAP1	Q9Y230	Q9NPF5
RUVBL2	MRGBP	Q9Y230	Q9NV56
RUVBL2	ING3	Q9Y230	Q9NXR8
RUVBL2	MORF4L1	Q9Y230	Q9UBU8
RUVBL2	ACTL6A	Q9Y230	O96019
RUVBL2	VPS72	Q9Y230	Q15906
RUVBL2	SRCAP	Q9Y230	Q6ZRS2
RUVBL2	EP400	Q9Y230	Q96L91
RUVBL2	BRD8	Q9Y230	Q9H0E9
RUVBL2	EPC1	Q9Y230	Q9H2F5
RUVBL2	DMAP1	Q9Y230	Q9NPF5
SMARCC1	ARID1A	Q92922	O14497
SMARCC1	PRMT5	Q92922	O14744
SMARCC1	ACTL6A	Q92922	O96019
SMARCC1	SMARCA4	Q92922	P51532
SMARCC1	SMARCB1	Q92922	Q12824
SMARCC1	SMARCC2	Q92922	Q8TAQ2
SMARCC1	HDAC2	Q92922	Q92769
SMARCC1	ARID1A	Q92922	O14497
SMARCC1	PRMT5	Q92922	O14744
SMARCC1	ACTL6A	Q92922	O96019
SMARCC1	SMARCA2	Q92922	P51531
SMARCC1	SMARCB1	Q92922	Q12824
SMARCC1	SMARCC2	Q92922	Q8TAQ2
SMARCC1	HDAC2	Q92922	Q92769
SMARCC1	ARID1A	Q92922	O14497
SMARCC1	PRMT5	Q92922	O14744
SMARCC1	ACTL6A	Q92922	O96019
SMARCC1	SMARCA4	Q92922	P51532
SMARCC1	SMARCB1	Q92922	Q12824
SMARCC1	SMARCC2	Q92922	Q8TAQ2
SMARCC1	ARID1A	Q92922	O14497
SMARCC1	PRMT5	Q92922	O14744
SMARCC1	ACTL6A	Q92922	O96019
SMARCC1	SMARCA2	Q92922	P51531
SMARCC1	SMARCB1	Q92922	Q12824
SMARCC1	SMARCC2	Q92922	Q8TAQ2
EXOSC10	PARN	Q01780	O95453
EXOSC2	PARN	Q13868	O95453
EXOSC2	EXOSC10	Q13868	Q01780
EIF3A	EIF3F	Q14152	O00303
EIF3A	EIF3D	Q14152	O15371
EIF3A	EIF3H	Q14152	O15372
EIF3A	EIF3G	Q14152	O75821
EIF3A	EIF3J	Q14152	O75822
EIF3A	EIF3B	Q14152	P55884
EIF3A	EIF3E	Q14152	P60228
EIF3A	EIF3I	Q14152	Q13347
RUVBL2	ACTL6A	Q9Y230	O96019
RUVBL2	ACTB	Q9Y230	P60709
RUVBL2	EP400	Q9Y230	Q96L91
RUVBL2	ACTL6A	Q9Y230	O96019
RUVBL2	MYC	Q9Y230	P01106
RUVBL2	ACTL6A	Q9Y230	O96019
DYNC1H1	SFI1	Q14204	A8K8P3
DYNC1H1	PPM1D	Q14204	O15297
DYNC1H1	PLRG1	Q14204	O43660
DYNC1H1	SF3B1	Q14204	O75533
DYNC1H1	BCAS2	Q14204	O75934
DYNC1H1	SNRPA	Q14204	P09012
DYNC1H1	SNRPA1	Q14204	P09661
DYNC1H1	HSPA8	Q14204	P11142
DYNC1H1	TOP2A	Q14204	P11388
DYNC1H1	TCF4	Q14204	P15884
DYNC1H1	SFPQ	Q14204	P23246
DYNC1H1	RBMX	Q14204	P38159
DYNC1H1	PPP1CA	Q14204	P62136
DYNC1H1	SNRPD1	Q14204	P62314
DYNC1H1	SNRPD2	Q14204	P62316
DYNC1H1	SNRPD3	Q14204	P62318
DYNC1H1	PRKDC	Q14204	P78527
DYNC1H1	SRSF2	Q14204	Q01130
DYNC1H1	SRSF1	Q14204	Q07955
DYNC1H1	ILF2	Q14204	Q12905
DYNC1H1	SF3B2	Q14204	Q13435
SMARCC1	ARID1A	Q92922	O14497
SMARCC1	ACTL6A	Q92922	O96019
SMARCC1	VDR	Q92922	P11473
SMARCC1	SMARCA2	Q92922	P51531
SMARCC1	SMARCA4	Q92922	P51532
SMARCC1	TOP2B	Q92922	Q02880
SMARCC1	SMARCB1	Q92922	Q12824
SMARCC1	CHAF1A	Q92922	Q13111
SMARCC1	SMARCC2	Q92922	Q8TAQ2
SMARCC1	ACTL6A	Q92922	O96019
SMARCC1	SMARCA4	Q92922	P51532
SMARCC1	MLLT1	Q92922	Q03111
SMARCC1	SMARCB1	Q92922	Q12824
SMARCC1	ARID1B	Q92922	Q8NFD5
SMARCC1	SMARCC2	Q92922	Q8TAQ2
SMARCC1	ARID1A	Q92922	O14497
SMARCC1	ACTL6A	Q92922	O96019
SMARCC1	SMARCA4	Q92922	P51532
SMARCC1	MLLT1	Q92922	Q03111
SMARCC1	SMARCB1	Q92922	Q12824
SMARCC1	SMARCC2	Q92922	Q8TAQ2
SMARCC1	SAP18	Q92922	O00422
SMARCC1	SMARCA5	Q92922	O60264
SMARCC1	KDM1A	Q92922	O60341
SMARCC1	SAP30	Q92922	O75446
SMARCC1	MTA2	Q92922	O94776
SMARCC1	MBD3	Q92922	O95983
SMARCC1	TBP	Q92922	P20226
SMARCC1	TAF1	Q92922	P21675
SMARCC1	TAF6	Q92922	P49848
SMARCC1	SMARCA2	Q92922	P51531
SMARCC1	WDR5	Q92922	P61964
SMARCC1	RAN	Q92922	P62826
SMARCC1	KMT2A	Q92922	Q03164
SMARCC1	RBBP4	Q92922	Q09028
SMARCC1	SMARCB1	Q92922	Q12824
SMARCC1	CHD3	Q92922	Q12873
SMARCC1	HDAC1	Q92922	Q13547
SMARCC1	EFTUD2	Q92922	Q15029
SMARCC1	RBBP5	Q92922	Q15291
SMARCC1	TAF12	Q92922	Q16514
SMARCC1	RBBP7	Q92922	Q16576
SMARCC1	TAF9	Q92922	Q16594
SMARCC1	SMARCC2	Q92922	Q8TAQ2
SMARCC1	HDAC2	Q92922	Q92769
SMARCC1	SYMPK	Q92922	Q92797
FUS	DDX3X	P35637	O00571
FUS	HNRNPDL	P35637	O14979
FUS	DHX15	P35637	O43143
FUS	DDX5	P35637	P17844
FUS	HNRNPH1	P35637	P31943
SMARCC1	HDAC3	Q92922	O15379
SMARCC1	NCOR1	Q92922	O75376
SMARCC1	SMARCA4	Q92922	P51532
SMARCC1	SMARCB1	Q92922	Q12824
SMARCC1	TRIM28	Q92922	Q13263
SMARCC1	SF3B3	Q92922	Q15393
SMARCC1	SF3A1	Q92922	Q15459
SMARCC1	SRCAP	Q92922	Q6ZRS2
SMARCC1	SMARCC2	Q92922	Q8TAQ2
MCM2	MCM7	P49736	P33993
PPP2CA	PPP2R1A	P67775	P30153
PPP2CA	PPP2R1A	P67775	P30153
PSMA3	HSPA8	P25788	P11142
PSMA3	DNAJB2	P25788	P25686
COPS5	COPS2	Q92905	P61201
COPS5	GPS1	Q92905	Q13098
COPS5	COPS6	Q92905	Q7L5N1
COPS5	TP53	Q92905	P04637
COPS5	COPS2	Q92905	P61201
COPS5	GPS1	Q92905	Q13098
COPS5	COPS6	Q92905	Q7L5N1
MCM2	MCM4	P49736	P33991
MCM2	MCM7	P49736	P33993
SMARCC1	SMARCA4	Q92922	P51532
SMARCC1	SMAD3	Q92922	P84022
SMARCC1	SMAD4	Q92922	Q13485
SMARCC1	SMAD2	Q92922	Q15796
SMARCC1	ARID1B	Q92922	Q8NFD5
SMARCC1	SMARCC2	Q92922	Q8TAQ2
SMARCC1	CREBBP	Q92922	Q92793
SMARCC1	ACTL6A	Q92922	O96019
SMARCC1	SMARCB1	Q92922	Q12824
SMARCC1	SMARCC2	Q92922	Q8TAQ2
RUVBL2	YEATS4	Q9Y230	O95619
RUVBL2	ACTL6A	Q9Y230	O96019
RUVBL2	EPC2	Q9Y230	Q52LR7
RUVBL2	KAT5	Q9Y230	Q92993
RUVBL2	EP400	Q9Y230	Q96L91
RUVBL2	BRD8	Q9Y230	Q9H0E9
RUVBL2	EPC1	Q9Y230	Q9H2F5
RUVBL2	MEAF6	Q9Y230	Q9HAF1
RUVBL2	DMAP1	Q9Y230	Q9NPF5
RUVBL2	ING3	Q9Y230	Q9NXR8
RUVBL2	MORF4L1	Q9Y230	Q9UBU8
RPL23A	NOP56	P62750	O00567
RPL23	NOP56	P62829	O00567
RPL23A	RSL1D1	P62750	O76021
RPL23	RSL1D1	P62829	O76021
RPL23A	SLC25A5	P62750	P05141
RPL23	SLC25A5	P62829	P05141
RPL23A	RPLP1	P62750	P05386
RPL23	RPLP1	P62829	P05386
RPL23A	RPLP2	P62750	P05387
RPL23	RPLP2	P62829	P05387
RPL23A	RPLP0	P62750	P05388
RPL23	RPLP0	P62829	P05388
RPL23A	NPM1	P62750	P06748
RPL23	NPM1	P62829	P06748
RPL23A	RPS17	P62750	P08708
RPL23	RPS17	P62829	P08708
RPL23A	HNRNPA1	P62750	P09651
RPL23	HNRNPA1	P62829	P09651
RPL23A	TOP1	P62750	P11387
RPL23	TOP1	P62829	P11387
RPL23A	EEF2	P62750	P13639
RPL23	EEF2	P62829	P13639
RPL23A	RPS2	P62750	P15880
RPL23	RPS2	P62829	P15880
RPL23A	H1-3	P62750	P16402
RPL23	H1-3	P62829	P16402
RPL23A	RPL35A	P62750	P18077
RPL23	RPL35A	P62829	P18077
RPL23A	RPL7	P62750	P18124
RPL23	RPL7	P62829	P18124
RPL23A	RPL17	P62750	P18621
RPL23	RPL17	P62829	P18621
RPL23A	NCL	P62750	P19338
RPL23	NCL	P62829	P19338
RPL23A	FBL	P62750	P22087
RPL23	FBL	P62829	P22087
RPL23A	RPS12	P62750	P25398
RPL23	RPS12	P62829	P25398
RPL23A	U2AF2	P62750	P26368
RPL23	U2AF2	P62829	P26368
RPL23A	RPL13	P62750	P26373
RPL23	RPL13	P62829	P26373
RPL23A	RPL10	P62750	P27635
RPL23	RPL10	P62829	P27635
RPL23A	RPL12	P62750	P30050
RPL23	RPL12	P62829	P30050
RPL23A	RPL9	P62750	P32969
RPL23	RPL9	P62829	P32969
RPL23A	RPL22	P62750	P35268
RPL23	RPL22	P62829	P35268
RPL23A	RPL4	P62750	P36578
RPL23	RPL4	P62829	P36578
RPL23A	SRP14	P62750	P37108
RPL23	SRP14	P62829	P37108
RPL23A	RPL3	P62750	P39023
RPL23	RPL3	P62829	P39023
RPL23A	RPL13A	P62750	P40429
RPL23	RPL13A	P62829	P40429
RPL23A	RPL35	P62750	P42766
RPL23	RPL35	P62829	P42766
RPL23A	RPL27A	P62750	P46776
RPL23	RPL27A	P62829	P46776
RPL23A	RPL5	P62750	P46777
RPL23	RPL5	P62829	P46777
RPL23A	RPL21	P62750	P46778
RPL23	RPL21	P62829	P46778
RPL23A	RPL28	P62750	P46779
RPL23	RPL28	P62829	P46779
RPL23A	RPS9	P62750	P46781
RPL23	RPS9	P62829	P46781
RPL23A	RPL29	P62750	P47914
RPL23	RPL29	P62829	P47914
RPL23A	TUFM	P62750	P49411
RPL23	TUFM	P62829	P49411
RPL23A	RPL14	P62750	P50914
RPL23	RPL14	P62829	P50914
RPL23A	HNRNPM	P62750	P52272
RPL23	HNRNPM	P62829	P52272
RPL23A	NAP1L1	P62750	P55209
RPL23	NAP1L1	P62829	P55209
RPL23A	SNU13	P62750	P55769
RPL23	SNU13	P62829	P55769
RPL23A	RPS3A	P62750	P61247
RPL23	RPS3A	P62829	P61247
RPL23A	RPL26	P62750	P61254
RPL23	RPL26	P62829	P61254
RPL23A	RPL15	P62750	P61313
RPL23	RPL15	P62829	P61313
RPL23A	RPL27	P62750	P61353
RPL23	RPL27	P62829	P61353
RPL23A	RPL37A	P62750	P61513
RPL23	RPL37A	P62829	P61513
RPL23A	RPS7	P62750	P62081
RPL23	RPS7	P62829	P62081
RPL23A	RPS8	P62750	P62241
RPL23	RPS8	P62829	P62241
RPL23A	RPS15A	P62750	P62244
RPL23	RPS15A	P62829	P62244
RPL23A	RPS16	P62750	P62249
RPL23	RPS16	P62829	P62249
RPL23A	RPS14	P62750	P62263
RPL23	RPS14	P62829	P62263
RPL23A	RPS23	P62750	P62266
RPL23	RPS23	P62829	P62266
RPL23A	RPS18	P62750	P62269
RPL23	RPS18	P62829	P62269
RPL23A	RPS29	P62750	P62273
RPL23	RPS29	P62829	P62273
RPL23A	RPS13	P62750	P62277
RPL23	RPS13	P62829	P62277
RPL23A	RPS11	P62750	P62280
RPL23	RPS11	P62829	P62280
RPL23A	RPL7A	P62750	P62424
RPL23	RPL7A	P62829	P62424
RPL23A	ACTA2	P62750	P62736
RPL23	ACTA2	P62829	P62736
RPL23	RPL23A	P62829	P62750
RPL23	RPS6	P62829	P62753
SMARCC1	ARID1A	Q92922	O14497
SMARCC1	PRMT5	Q92922	O14744
SMARCC1	ACTL6A	Q92922	O96019
SMARCC1	SMARCA4	Q92922	P51532
SMARCC1	SMARCB1	Q92922	Q12824
SMARCC1	SMARCC2	Q92922	Q8TAQ2
SMARCC1	TBP	Q92922	P20226
SMARCC1	CCNC	Q92922	P24863
SMARCC1	POLR2A	Q92922	P24928
SMARCC1	GTF2E1	Q92922	P29083
SMARCC1	GTF2H1	Q92922	P32780
SMARCC1	GTF2F1	Q92922	P35269
SMARCC1	CDK8	Q92922	P49336
SMARCC1	SMARCA2	Q92922	P51531
SMARCC1	GTF2B	Q92922	Q00403
SMARCC1	SMARCB1	Q92922	Q12824
SMARCC1	MED21	Q92922	Q13503
SMARCC1	DRAP1	Q92922	Q14919
SMARCC1	PCSK4	Q92922	Q6UW60
SMARCC1	SMARCC2	Q92922	Q8TAQ2
SMARCC1	ACTL6A	Q92922	O96019
SMARCC1	CCNC	Q92922	P24863
SMARCC1	GTF2F1	Q92922	P35269
SMARCC1	CDK8	Q92922	P49336
SMARCC1	CCNH	Q92922	P51946
SMARCC1	SMARCB1	Q92922	Q12824
SMARCC1	MED21	Q92922	Q13503
SMARCC1	SMARCC2	Q92922	Q8TAQ2
RANBP9	MAEA	Q96S59	Q7L5Y9
RANBP9	ARMC8	Q96S59	Q8IUR7
FUS	HNRNPR	P35637	O43390
FUS	HSPA5	P35637	P11021
FUS	DDX5	P35637	P17844
FUS	NCL	P35637	P19338
FUS	HNRNPH1	P35637	P31943
COG3	COG2	Q96JB2	Q14746
COG3	COG2	Q96JB2	Q14746
COG3	COG1	Q96JB2	Q8WTW3
EIF3A	EIF3G	Q14152	O75821
EIF3A	EIF3B	Q14152	P55884
EIF3A	EIF3I	Q14152	Q13347
EIF3A	EIF3G	Q14152	O75821
EIF3A	EIF3B	Q14152	P55884
EIF3A	EIF3I	Q14152	Q13347
EIF3A	EIF3G	Q14152	O75821
EIF3A	EIF3J	Q14152	O75822
EIF3A	EIF3B	Q14152	P55884
EIF3A	EIF3I	Q14152	Q13347
MCM2	LMNA	P49736	P02545
MCM2	RB1	P49736	P06400
MCM2	LMNB1	P49736	P20700
MCM2	MCM4	P49736	P33991
SMARCC1	SAP18	Q92922	O00422
SMARCC1	HDAC3	Q92922	O15379
SMARCC1	LMNB1	Q92922	P20700
SMARCC1	RBL1	Q92922	P28749
SMARCC1	EMD	Q92922	P50402
SMARCC1	ACTB	Q92922	P60709
SMARCC1	H3C1	Q92922	P68431
SMARCC1	RBL2	Q92922	Q08999
SMARCC1	SMARCB1	Q92922	Q12824
SMARCC1	TRIM28	Q92922	Q13263
SMARCC1	NMI	Q92922	Q13287
SMARCC1	HDAC1	Q92922	Q13547
SMARCC1	SPTAN1	Q92922	Q13813
SMARCC1	CHD4	Q92922	Q14839
SMARCC1	SMARCC2	Q92922	Q8TAQ2
RANBP9	PLXNA2	Q96S59	O75051
RANBP9	PLXNA3	Q96S59	P51805
PPP2CA	PPP2R1A	P67775	P30153
PPP2CA	PPP2R1B	P67775	P30154
PPP2CA	EIF4A1	P67775	P60842
DYNC1H1	DYNC1I1	Q14204	O14576
DYNC1H1	DYNLL1	Q14204	P63167
DYNC1H1	DYNC1I1	Q14204	O14576
DYNC1H1	DYNLL1	Q14204	P63167
DYNC1H1	DCTN1	Q14204	Q14203
PPP2CA	SYN1	P67775	P17600
PPP2CA	STRN	P67775	O43815
PPP2CA	PPP2R1A	P67775	P30153
PPP2CA	PPP2R1A	P67775	P30153
CCT2	TCP1	P78371	P17987
CCT2	CCT5	P78371	P48643
CCT2	CCT3	P78371	P49368
CCT2	CCT8	P78371	P50990
CCT2	CCT4	P78371	P50991
SMG1	EIF4A3	Q96Q15	P38919
SMG1	MAGOH	Q96Q15	P61326
PPP2CA	PPP2R1A	P67775	P30153
PPP2CA	PPP2R2A	P67775	P63151
PPP2CA	MID1	P67775	O15344
DLST	DLD	P36957	P09622
PSMA3	SLC25A5	P25788	P05141
PSMA3	PTMA	P25788	P06454
SMARCC1	ARID1A	Q92922	O14497
SMARCC1	PRMT5	Q92922	O14744
SMARCC1	ACTL6A	Q92922	O96019
SMARCC1	SMARCA2	Q92922	P51531
SMARCC1	SMARCA4	Q92922	P51532
SMARCC1	SMARCC2	Q92922	Q8TAQ2
SMARCC1	PHF10	Q92922	Q8WUB8
PPP2CA	PPP2R2A	P67775	P63151
RUVBL2	ZNHIT1	Q9Y230	O43257
RUVBL2	YEATS4	Q9Y230	O95619
RUVBL2	ACTL6A	Q9Y230	O96019
RUVBL2	H2AZ1	Q9Y230	P0C0S5
RUVBL2	XRCC6	Q9Y230	P12956
RUVBL2	XRCC5	Q9Y230	P13010
RUVBL2	H4C1	Q9Y230	P62805
RUVBL2	H2BC4	Q9Y230	P62807
RUVBL2	H3C1	Q9Y230	P68431
RUVBL2	PRKDC	Q9Y230	P78527
RUVBL2	MORF4L2	Q9Y230	Q15014
RUVBL2	VPS72	Q9Y230	Q15906
RUVBL2	EPC2	Q9Y230	Q52LR7
RUVBL2	SRCAP	Q9Y230	Q6ZRS2
RUVBL2	KAT5	Q9Y230	Q92993
RUVBL2	EP400	Q9Y230	Q96L91
RUVBL2	IPO9	Q9Y230	Q96P70
RUVBL2	ANP32E	Q9Y230	Q9BTT0
RUVBL2	BRD8	Q9Y230	Q9H0E9
RUVBL2	EPC1	Q9Y230	Q9H2F5
RUVBL2	DMAP1	Q9Y230	Q9NPF5
RUVBL2	MRGBP	Q9Y230	Q9NV56
RUVBL2	ING3	Q9Y230	Q9NXR8
RUVBL2	MORF4L1	Q9Y230	Q9UBU8
MCM2	PCNA	P49736	P12004
MCM2	MCM7	P49736	P33993
MCM2	MCM3	P49736	P25205
MCM2	MCM4	P49736	P33991
MCM2	MCM5	P49736	P33992
MCM2	MCM7	P49736	P33993
ANAPC2	CDC27	Q9UJX6	P30260
ANAPC2	CDC16	Q9UJX6	Q13042
ANAPC2	ANAPC16	Q9UJX6	Q96DE5
ANAPC2	ANAPC1	Q9UJX6	Q9H1A4
ANAPC2	CDC23	Q9UJX6	Q9UJX2
ANAPC2	ANAPC7	Q9UJX6	Q9UJX3
ANAPC2	ANAPC5	Q9UJX6	Q9UJX4
ANAPC2	ANAPC4	Q9UJX6	Q9UJX5
SMARCC1	ARID1A	Q92922	O14497
SMARCC1	ACTL6A	Q92922	O96019
SMARCC1	SMARCA4	Q92922	P51532
SMARCC1	ACTB	Q92922	P60709
SMARCC1	SMARCB1	Q92922	Q12824
SMARCC1	BCL7A	Q92922	Q4VC05
SMARCC1	ARID1B	Q92922	Q8NFD5
SMARCC1	SMARCC2	Q92922	Q8TAQ2
SMARCC1	BCL7C	Q92922	Q8WUZ0
SMARCC1	DPF2	Q92922	Q92785
SMARCC1	ACTB	Q92922	P60709
SMARCC1	BCL7A	Q92922	Q4VC05
SMARCC1	PHF10	Q92922	Q8WUB8
SMARCC1	BCL7C	Q92922	Q8WUZ0
SMARCC1	SMARCA2	Q92922	P51531
SMARCC1	SMARCA2	Q92922	P51531
SMARCC1	ACTL6A	Q92922	O96019
SMARCC1	SMARCA2	Q92922	P51531
SMARCC1	ACTB	Q92922	P60709
SMARCC1	SS18	Q92922	Q15532
SMARCC1	BCL7A	Q92922	Q4VC05
SMARCC1	BICRAL	Q92922	Q6AI39
SMARCC1	BCL7C	Q92922	Q8WUZ0
SMARCC1	SMARCA4	Q92922	P51532
ANAPC2	CDC27	Q9UJX6	P30260
ANAPC2	CDC16	Q9UJX6	Q13042
ANAPC2	ANAPC1	Q9UJX6	Q9H1A4
ANAPC2	CDC23	Q9UJX6	Q9UJX2
ANAPC2	ANAPC7	Q9UJX6	Q9UJX3
ANAPC2	ANAPC5	Q9UJX6	Q9UJX4
ANAPC2	CDK2AP1	Q9UJX6	O14519
ANAPC2	CDC27	Q9UJX6	P30260
ANAPC2	CDC16	Q9UJX6	Q13042
ANAPC2	CDC26	Q9UJX6	Q8NHZ8
ANAPC2	ANAPC1	Q9UJX6	Q9H1A4
ANAPC2	ANAPC11	Q9UJX6	Q9NYG5
ANAPC2	CDC23	Q9UJX6	Q9UJX2
ANAPC2	ANAPC7	Q9UJX6	Q9UJX3
ANAPC2	ANAPC5	Q9UJX6	Q9UJX4
ANAPC2	ANAPC4	Q9UJX6	Q9UJX5
RANBP9	HTRA2	Q96S59	O43464
RANBP9	YPEL5	Q96S59	P62699
RANBP9	RANBP10	Q96S59	Q6VN20
RANBP9	MAEA	Q96S59	Q7L5Y9
RANBP9	ARMC8	Q96S59	Q8IUR7
RANBP9	GID4	Q96S59	Q8IVV7
RANBP9	PGAM5	Q96S59	Q96HS1
RUVBL2	YEATS4	Q9Y230	O95619
RUVBL2	ACTL6A	Q9Y230	O96019
RUVBL2	SRCAP	Q9Y230	Q6ZRS2
RUVBL2	ACTR6	Q9Y230	Q9GZN1
RUVBL2	DMAP1	Q9Y230	Q9NPF5
CPSF4	AHCYL1	O95639	O43865
RUVBL2	ZMYND10	Q9Y230	O75800
RUVBL2	HSPA8	Q9Y230	P11142
RUVBL2	CFAP298	Q9Y230	P57076
RUVBL2	DNAAF11	Q9Y230	Q86X45
RUVBL2	IQUB	Q9Y230	Q8NA54
RUVBL2	DNAAF4	Q9Y230	Q8WXU2
PPP2CA	STRN	P67775	O43815
PPP2CA	PPP2R1A	P67775	P30153
RANBP9	MAEA	Q96S59	Q7L5Y9
RANBP9	ARMC8	Q96S59	Q8IUR7-2
RANBP9	GID4	Q96S59	Q8IVV7
RUVBL2	DKC1	Q9Y230	O60832
RUVBL2	TERT	Q9Y230	O14746
SMG1	SMG8	Q96Q15	Q8ND04
FUS	FLJ10154	P35637	A0A024RDW4
FUS	TCERG1	P35637	O14776
FUS	U2SURP	P35637	O15042
FUS	DHX15	P35637	O43143
FUS	SART1	P35637	O43290
FUS	HNRNPR	P35637	O43390
FUS	PRPF3	P35637	O43395
FUS	PLRG1	P35637	O43660
FUS	ZNF207	P35637	O43670
FUS	BUB3	P35637	O43684
FUS	HTATSF1	P35637	O43719
FUS	SYNCRIP	P35637	O60506
FUS	PQBP1	P35637	O60828
FUS	PRPF40A	P35637	O75400
FUS	SF3B1	P35637	O75533
FUS	SNRNP200	P35637	O75643
FUS	BCAS2	P35637	O75934
FUS	DNAJC8	P35637	O75937
FUS	SMNDC1	P35637	O75940
FUS	PRPF6	P35637	O94906
FUS	CD2BP2	P35637	O95400
FUS	HNRNPC	P35637	P07910
FUS	SNRPB2	P35637	P08579
FUS	SNRNP70	P35637	P08621
FUS	SNRPA	P35637	P09012
FUS	SNRPC	P35637	P09234
FUS	HNRNPA1	P35637	P09651
FUS	SNRPA1	P35637	P09661
FUS	HSPA8	P35637	P11142
FUS	SNRPB	P35637	P14678
FUS	DDX5	P35637	P17844
FUS	HNRNPA2B1	P35637	P22626
FUS	U2AF2	P35637	P26368
FUS	DDX39A	P35637	O00148
SMARCC1	DDX39A	Q92922	O00148
RUVBL2	DDX39A	Q9Y230	O00148
FUS	ARID1A	P35637	O14497
SMARCC1	ARID1A	Q92922	O14497
RUVBL2	ARID1A	Q9Y230	O14497
FUS	GEMIN2	P35637	O14893
SMARCC1	GEMIN2	Q92922	O14893
RUVBL2	GEMIN2	Q9Y230	O14893
FUS	U2SURP	P35637	O15042
SMARCC1	U2SURP	Q92922	O15042
RUVBL2	U2SURP	Q9Y230	O15042
FUS	DHX15	P35637	O43143
SMARCC1	DHX15	Q92922	O43143
RUVBL2	DHX15	Q9Y230	O43143
FUS	PRPF4	P35637	O43172
SMARCC1	PRPF4	Q92922	O43172
RUVBL2	PRPF4	Q9Y230	O43172
FUS	SART1	P35637	O43290
SMARCC1	SART1	Q92922	O43290
RUVBL2	SART1	Q9Y230	O43290
FUS	HNRNPR	P35637	O43390
SMARCC1	HNRNPR	Q92922	O43390
RUVBL2	HNRNPR	Q9Y230	O43390
FUS	PRPF3	P35637	O43395
SMARCC1	PRPF3	Q92922	O43395
RUVBL2	PRPF3	Q9Y230	O43395
FUS	PPIH	P35637	O43447
SMARCC1	PPIH	Q92922	O43447
RUVBL2	PPIH	Q9Y230	O43447
FUS	HTATSF1	P35637	O43719
SMARCC1	HTATSF1	Q92922	O43719
RUVBL2	HTATSF1	Q9Y230	O43719
FUS	NUDT21	P35637	O43809
SMARCC1	NUDT21	Q92922	O43809
RUVBL2	NUDT21	Q9Y230	O43809
FUS	SYNCRIP	P35637	O60506
SMARCC1	SYNCRIP	Q92922	O60506
RUVBL2	SYNCRIP	Q9Y230	O60506
FUS	PRPF40A	P35637	O75400
SMARCC1	PRPF40A	Q92922	O75400
RUVBL2	PRPF40A	Q9Y230	O75400
FUS	RBMXL2	P35637	O75526
SMARCC1	RBMXL2	Q92922	O75526
RUVBL2	RBMXL2	Q9Y230	O75526
FUS	SF3B1	P35637	O75533
SMARCC1	SF3B1	Q92922	O75533
RUVBL2	SF3B1	Q9Y230	O75533
FUS	SNRNP200	P35637	O75643
SMARCC1	SNRNP200	Q92922	O75643
RUVBL2	SNRNP200	Q9Y230	O75643
FUS	BCAS2	P35637	O75934
SMARCC1	BCAS2	Q92922	O75934
RUVBL2	BCAS2	Q9Y230	O75934
FUS	DNAJC8	P35637	O75937
SMARCC1	DNAJC8	Q92922	O75937
RUVBL2	DNAJC8	Q9Y230	O75937
FUS	PRPF6	P35637	O94906
SMARCC1	PRPF6	Q92922	O94906
RUVBL2	PRPF6	Q9Y230	O94906
FUS	SCAF4	P35637	O95104
SMARCC1	SCAF4	Q92922	O95104
RUVBL2	SCAF4	Q9Y230	O95104
FUS	LUC7L3	P35637	O95232
SMARCC1	LUC7L3	Q92922	O95232
RUVBL2	LUC7L3	Q9Y230	O95232
FUS	ACTL6A	P35637	O96019
SMARCC1	ACTL6A	Q92922	O96019
RUVBL2	ACTL6A	Q9Y230	O96019
FUS	HNRNPC	P35637	P07910
SMARCC1	HNRNPC	Q92922	P07910
RUVBL2	HNRNPC	Q9Y230	P07910
FUS	SNRPB2	P35637	P08579
SMARCC1	SNRPB2	Q92922	P08579
RUVBL2	SNRPB2	Q9Y230	P08579
FUS	SNRNP70	P35637	P08621
SMARCC1	SNRNP70	Q92922	P08621
RUVBL2	SNRNP70	Q9Y230	P08621
FUS	SNRPA	P35637	P09012
SMARCC1	SNRPA	Q92922	P09012
RUVBL2	SNRPA	Q9Y230	P09012
FUS	SNRPC	P35637	P09234
SMARCC1	SNRPC	Q92922	P09234
RUVBL2	SNRPC	Q9Y230	P09234
FUS	HNRNPA1	P35637	P09651
SMARCC1	HNRNPA1	Q92922	P09651
RUVBL2	HNRNPA1	Q9Y230	P09651
FUS	SNRPA1	P35637	P09661
SMARCC1	SNRPA1	Q92922	P09661
RUVBL2	SNRPA1	Q9Y230	P09661
FUS	SNRPB	P35637	P14678
SMARCC1	SNRPB	Q92922	P14678
RUVBL2	SNRPB	Q9Y230	P14678
FUS	HNRNPL	P35637	P14866
SMARCC1	HNRNPL	Q92922	P14866
RUVBL2	HNRNPL	Q9Y230	P14866
FUS	DDX5	P35637	P17844
SMARCC1	DDX5	Q92922	P17844
RUVBL2	DDX5	Q9Y230	P17844
FUS	HNRNPA2B1	P35637	P22626
SMARCC1	HNRNPA2B1	Q92922	P22626
RUVBL2	HNRNPA2B1	Q9Y230	P22626
FUS	U2AF2	P35637	P26368
SMARCC1	U2AF2	Q92922	P26368
RUVBL2	U2AF2	Q9Y230	P26368
FUS	SMARCA1	P35637	P28370
SMARCC1	SMARCA1	Q92922	P28370
RUVBL2	SMARCA1	Q9Y230	P28370
FUS	HNRNPH1	P35637	P31943
SMARCC1	HNRNPH1	Q92922	P31943
RUVBL2	HNRNPH1	Q9Y230	P31943
SMARCC1	FUS	Q92922	P35637
RUVBL2	FUS	Q9Y230	P35637
SMARCC1	MTREX	Q92922	P42285
RUVBL2	MTREX	Q9Y230	P42285
SMARCC1	RBM25	Q92922	P49756
RUVBL2	RBM25	Q9Y230	P49756
SMARCC1	SMARCA2	Q92922	P51531
RUVBL2	SMARCA2	Q9Y230	P51531
SMARCC1	SMARCA4	Q92922	P51532
RUVBL2	SMARCA4	Q9Y230	P51532
SMARCC1	HNRNPM	Q92922	P52272
RUVBL2	HNRNPM	Q9Y230	P52272
SMARCC1	NCBP2	Q92922	P52298
RUVBL2	NCBP2	Q9Y230	P52298
SMARCC1	HNRNPF	Q92922	P52597
RUVBL2	HNRNPF	Q9Y230	P52597
SMARCC1	GEMIN4	Q92922	P57678
RUVBL2	GEMIN4	Q9Y230	P57678
SMARCC1	HNRNPK	Q92922	P61978
RUVBL2	HNRNPK	Q9Y230	P61978
SMARCC1	SNRPE	Q92922	P62304
RUVBL2	SNRPE	Q9Y230	P62304
SMARCC1	SNRPF	Q92922	P62306
RUVBL2	SNRPF	Q9Y230	P62306
SMARCC1	SNRPG	Q92922	P62308
RUVBL2	SNRPG	Q9Y230	P62308
SMARCC1	SNRPD1	Q92922	P62314
RUVBL2	SNRPD1	Q9Y230	P62314
SMARCC1	SNRPD2	Q92922	P62316
RUVBL2	SNRPD2	Q9Y230	P62316
SMARCC1	SNRPD3	Q92922	P62318
RUVBL2	SNRPD3	Q9Y230	P62318
SMARCC1	YBX1	Q92922	P67809
RUVBL2	YBX1	Q9Y230	P67809
SMARCC1	SRSF3	Q92922	P84103
RUVBL2	SRSF3	Q9Y230	P84103
SMARCC1	RBM10	Q92922	P98175
RUVBL2	RBM10	Q9Y230	P98175
SMARCC1	HNRNPU	Q92922	Q00839
RUVBL2	HNRNPU	Q9Y230	Q00839
SMARCC1	U2AF1	Q92922	Q01081
RUVBL2	U2AF1	Q9Y230	Q01081
SMARCC1	SRSF2	Q92922	Q01130
RUVBL2	SRSF2	Q9Y230	Q01130
SMARCC1	SRSF11	Q92922	Q05519
RUVBL2	SRSF11	Q9Y230	Q05519
SMARCC1	SRSF1	Q92922	Q07955
RUVBL2	SRSF1	Q9Y230	Q07955
SMARCC1	SRSF4	Q92922	Q08170
RUVBL2	SRSF4	Q9Y230	Q08170
SMARCC1	DHX9	Q92922	Q08211
RUVBL2	DHX9	Q9Y230	Q08211
SMARCC1	NCBP1	Q92922	Q09161
RUVBL2	NCBP1	Q9Y230	Q09161
SMARCC1	CPSF1	Q92922	Q10570
RUVBL2	CPSF1	Q9Y230	Q10570
SMARCC1	SMARCB1	Q92922	Q12824
RUVBL2	SMARCB1	Q9Y230	Q12824
SMARCC1	SFSWAP	Q92922	Q12872
RUVBL2	SFSWAP	Q9Y230	Q12872
SMARCC1	SF3A3	Q92922	Q12874
RUVBL2	SF3A3	Q9Y230	Q12874
SMARCC1	HNRNPA0	Q92922	Q13151
RUVBL2	HNRNPA0	Q9Y230	Q13151
SMARCC1	SRSF5	Q92922	Q13243
RUVBL2	SRSF5	Q9Y230	Q13243
SMARCC1	SRSF6	Q92922	Q13247
RUVBL2	SRSF6	Q9Y230	Q13247
SMARCC1	SF3B2	Q92922	Q13435
RUVBL2	SF3B2	Q9Y230	Q13435
SMARCC1	DDX39B	Q92922	Q13838
RUVBL2	DDX39B	Q9Y230	Q13838
SMARCC1	HNRNPD	Q92922	Q14103
RUVBL2	HNRNPD	Q9Y230	Q14103
SMARCC1	RBM39	Q92922	Q14498
RUVBL2	RBM39	Q9Y230	Q14498
SMARCC1	CHD4	Q92922	Q14839
RUVBL2	CHD4	Q9Y230	Q14839
SMARCC1	SART3	Q92922	Q15020
RUVBL2	SART3	Q9Y230	Q15020
SMARCC1	EFTUD2	Q92922	Q15029
RUVBL2	EFTUD2	Q9Y230	Q15029
SMARCC1	PCBP1	Q92922	Q15365
RUVBL2	PCBP1	Q9Y230	Q15365
SMARCC1	PCBP2	Q92922	Q15366
RUVBL2	PCBP2	Q9Y230	Q15366
SMARCC1	SF3B3	Q92922	Q15393
RUVBL2	SF3B3	Q9Y230	Q15393
SMARCC1	SF3B4	Q92922	Q15427
RUVBL2	SF3B4	Q9Y230	Q15427
SMARCC1	SF3A2	Q92922	Q15428
RUVBL2	SF3A2	Q9Y230	Q15428
SMARCC1	SF3A1	Q92922	Q15459
RUVBL2	SF3A1	Q9Y230	Q15459
SMARCC1	SF1	Q92922	Q15637
RUVBL2	SF1	Q9Y230	Q15637
SMARCC1	SRSF7	Q92922	Q16629
RUVBL2	SRSF7	Q9Y230	Q16629
SMARCC1	CPSF6	Q92922	Q16630
RUVBL2	CPSF6	Q9Y230	Q16630
SMARCC1	SMN1	Q92922	Q16637
RUVBL2	SMN1	Q9Y230	Q16637
SMARCC1	USP39	Q92922	Q53GS9
RUVBL2	USP39	Q9Y230	Q53GS9
SMARCC1	ACTBL2	Q92922	Q562R1
RUVBL2	ACTBL2	Q9Y230	Q562R1
SMARCC1	ARID2	Q92922	Q68CP9
RUVBL2	ARID2	Q9Y230	Q68CP9
SMARCC1	ZCCHC8	Q92922	Q6NZY4
RUVBL2	ZCCHC8	Q9Y230	Q6NZY4
SMARCC1	PRPF8	Q92922	Q6P2Q9
RUVBL2	PRPF8	Q9Y230	Q6P2Q9
SMARCC1	DDX46	Q92922	Q7L014
RUVBL2	DDX46	Q9Y230	Q7L014
SMARCC1	PHF5A	Q92922	Q7RTV0
RUVBL2	PHF5A	Q9Y230	Q7RTV0
SMARCC1	PBRM1	Q92922	Q86U86
RUVBL2	PBRM1	Q9Y230	Q86U86
SMARCC1	ALYREF	Q92922	Q86V81
RUVBL2	ALYREF	Q9Y230	Q86V81
SMARCC1	CHERP	Q92922	Q8IWX8
RUVBL2	CHERP	Q9Y230	Q8IWX8
SMARCC1	CPSF7	Q92922	Q8N684
RUVBL2	CPSF7	Q9Y230	Q8N684
SMARCC1	ARID1B	Q92922	Q8NFD5
RUVBL2	ARID1B	Q9Y230	Q8NFD5
SMARCC1	SMARCC2	Q92922	Q8TAQ2
RUVBL2	SMARCC2	Q9Y230	Q8TAQ2
SMARCC1	GEMIN5	Q92922	Q8TEQ6
RUVBL2	GEMIN5	Q9Y230	Q8TEQ6
SMARCC1	PRPF31	Q92922	Q8WWY3
RUVBL2	PRPF31	Q9Y230	Q8WWY3
SMARCC1	SREK1	Q92922	Q8WXA9
RUVBL2	SREK1	Q9Y230	Q8WXA9
SMARCC1	GEMIN6	Q92922	Q8WXD5
RUVBL2	GEMIN6	Q9Y230	Q8WXD5
SMARCC1	DDX17	Q92922	Q92841
RUVBL2	DDX17	Q9Y230	Q92841
RUVBL2	SMARCC1	Q9Y230	Q92922
RUVBL2	KHSRP	Q9Y230	Q92945
RUVBL2	SMARCE1	Q9Y230	Q969G3
RUVBL2	SNRNP40	Q9Y230	Q96DI7
RUVBL2	SMARCD1	Q9Y230	Q96GM5
RUVBL2	RBM17	Q9Y230	Q96I25
RUVBL2	SRSF8	Q9Y230	Q9BRL6
RUVBL2	RBM42	Q9Y230	Q9BTD8
RUVBL2	DDX23	Q9Y230	Q9BUQ8
RUVBL2	SRRT	Q9Y230	Q9BXP5
RUVBL2	CHD8	Q9Y230	Q9HCK8
RUVBL2	GEMIN8	Q9Y230	Q9NWZ8
RUVBL2	DDX20	Q9Y230	Q9UHI6
RUVBL2	PUF60	Q9Y230	Q9UHX1
RUVBL2	PRPF19	Q9Y230	Q9UMS4
RUVBL2	SRRM2	Q9Y230	Q9UQ35
RANBP9	YPEL5	Q96S59	P62699
RANBP9	RANBP10	Q96S59	Q6VN20
RANBP9	MAEA	Q96S59	Q7L5Y9
RANBP9	ARMC8	Q96S59	Q8IUR7
RANBP9	GID4	Q96S59	Q8IVV7
RANBP9	RMND5B	Q96S59	Q96G75
RUVBL2	RPAP3	Q9Y230	Q9H6T3
RUVBL2	PIH1D1	Q9Y230	Q9NWS0
ACTR3	ARPC1B	P61158	O15143
ACTR3	ARPC2	P61158	O15144
ACTR3	ARPC3	P61158	O15145
ACTR3	ARPC5	P61158	O15511
ACTR3	ARPC4	P61158	P59998
DCTN1	DYNC1I1	Q14203	O14576
DCTN1	DYNLL1	Q14203	P63167
DCTN1	DYNC1I1	Q14203	O14576
DCTN1	DYNC1I1	Q14203	O14576
DCTN1	PLK1	Q14203	P53350
DCTN1	RAB7A	Q14203	P51149
DCTN1	KIF2A	Q14203	O00139
SEPTIN2	SEPTIN12	B5MCX3;C9J2Q4;H7C2Y0;C9IY94;H7C310;B5MD47;H7C1T1	Q8IYM1
SEPTIN2	SEPTIN1	B5MCX3;C9J2Q4;H7C2Y0;C9IY94;H7C310;B5MD47;H7C1T1	Q8WYJ6
SEPTIN2	SEPTIN6	B5MCX3;C9J2Q4;H7C2Y0;C9IY94;H7C310;B5MD47;H7C1T1	Q14141
SEPTIN2	SEPTIN10	B5MCX3;C9J2Q4;H7C2Y0;C9IY94;H7C310;B5MD47;H7C1T1	Q9P0V9
SEPTIN2	SEPTIN4	B5MCX3;C9J2Q4;H7C2Y0;C9IY94;H7C310;B5MD47;H7C1T1	Q5R6R7
SEPTIN2	SEPTIN8	B5MCX3;C9J2Q4;H7C2Y0;C9IY94;H7C310;B5MD47;H7C1T1	Q92599
SEPTIN2	SEPTIN14	B5MCX3;C9J2Q4;H7C2Y0;C9IY94;H7C310;B5MD47;H7C1T1	Q6ZU15
SEPTIN2	SEPTIN9	B5MCX3;C9J2Q4;H7C2Y0;C9IY94;H7C310;B5MD47;H7C1T1	Q9UHD8
SEPTIN2	SEPTIN5	B5MCX3;C9J2Q4;H7C2Y0;C9IY94;H7C310;B5MD47;H7C1T1	Q99719
SEPTIN2	SEPTIN7	B5MCX3;C9J2Q4;H7C2Y0;C9IY94;H7C310;B5MD47;H7C1T1	Q16181
SEPTIN2	SEPTIN11	B5MCX3;C9J2Q4;H7C2Y0;C9IY94;H7C310;B5MD47;H7C1T1	Q9NVA2
SEPTIN2	SEPTIN3	B5MCX3;C9J2Q4;H7C2Y0;C9IY94;H7C310;B5MD47;H7C1T1	Q9UH03
COPB1	ARCN1	P53618;E9PP73;E9PP63;E9PKQ1	P48444
COPB1	COPA	P53618;E9PP73;E9PP63;E9PKQ1	P53621
COPB1	COPB2	P53618;E9PP73;E9PP63;E9PKQ1	P35606
COPB1	COPE	P53618;E9PP73;E9PP63;E9PKQ1	O14579
COPB1	COPG1	P53618;E9PP73;E9PP63;E9PKQ1	Q9Y678
COPB1	COPZ1	P53618;E9PP73;E9PP63;E9PKQ1	P61923
COPB1	COPG2	P53618;E9PP73;E9PP63;E9PKQ1	Q9UBF2
COPB1	COPZ2	P53618;E9PP73;E9PP63;E9PKQ1	Q9P299
COPB1	ARFGAP3	P53618;E9PP73;E9PP63;E9PKQ1	Q9NP61
COPB1	ARFGAP2	P53618;E9PP73;E9PP63;E9PKQ1	Q8N6H7